"id","name","code","account_type","reconcile","currency_id","tag_ids","name@zh_CN"
"mjb_l10n_cn_10010000","Cash Box","10010000","asset_cash","True","base.CNY","mjb_l10n_cn.mjb_data_account_tag_liquidity","库存现金"
"mjb_l10n_cn_10010100","ACR - CASH BOX - CNY CURRENT","10010100","asset_cash","True","base.CNY","mjb_l10n_cn.mjb_data_account_tag_liquidity","库存现金"
"mjb_l10n_cn_10020000","Bank (BK)","10020000","asset_cash","True","base.CNY","mjb_l10n_cn.mjb_data_account_tag_liquidity","银行存款"
"mjb_l10n_cn_10020100","Wage related (Temperary account)","10020100","asset_cash","True","base.CNY","mjb_l10n_cn.mjb_data_account_tag_liquidity","工资相关(期间科目)"
"mjb_l10n_cn_10020110","Wage related (Temperary account - pay salary)","10020110","asset_cash","True","base.CNY","mjb_l10n_cn.mjb_data_account_tag_liquidity","工资相关(期间科目-付工资时)"
"mjb_l10n_cn_10020120","Wage related (Temperary account - pay social insurance)","10020120","asset_cash","True","base.CNY","mjb_l10n_cn.mjb_data_account_tag_liquidity","工资相关(期间科目-付社保时)"
"mjb_l10n_cn_10020130","Wage related (Temperary account - pay HAF)","10020130","asset_cash","True","base.CNY","mjb_l10n_cn.mjb_data_account_tag_liquidity","工资相关(期间科目-付住房公积金时)"
"mjb_l10n_cn_10020200","AIR - ICBC - CNY CURRENT","10020200","asset_cash","True","base.CNY","mjb_l10n_cn.mjb_data_account_tag_liquidity","银行存款"
"mjb_l10n_cn_10020300","AIH - ICBC Foreign Account","10020300","asset_cash","True","base.CNY","mjb_l10n_cn.mjb_data_account_tag_liquidity","银行存款"
"mjb_l10n_cn_10020400","AIY - ICBC - CNY CAPITAL","10020400","asset_cash","True","base.CNY","mjb_l10n_cn.mjb_data_account_tag_liquidity","银行存款"
"mjb_l10n_cn_10020500","APR - ICBC PERSONAL - CNY CURRENT","10020500","asset_cash","True","base.CNY","mjb_l10n_cn.mjb_data_account_tag_liquidity","银行存款"
"mjb_l10n_cn_10020600","AJR","10020600","asset_cash","True","base.CNY","mjb_l10n_cn.mjb_data_account_tag_liquidity","银行存款"
"mjb_l10n_cn_10020700","Interco Transfer (Temperary account)","10020700","asset_cash","True","base.CNY","mjb_l10n_cn.mjb_data_account_tag_liquidity","内部转账(期间科目)"
"mjb_l10n_cn_10020800","Asset disposal related (Temperary account)","10020800","asset_cash","True","base.CNY","mjb_l10n_cn.mjb_data_account_tag_liquidity","固定资产报废相关(期间科目-处置固定资产时)"
"mjb_l10n_cn_10030000","Deposits and required reserve in central bank","10030000","asset_cash","True","base.CNY","mjb_l10n_cn.mjb_data_account_tag_liquidity","存放中央银行款项"
"mjb_l10n_cn_10110000","Store in the same industry","10110000","asset_cash","True","base.CNY","mjb_l10n_cn.mjb_data_account_tag_liquidity","存放同业"
"mjb_l10n_cn_10120000","Other monetary funds","10120000","asset_cash","True","base.CNY","mjb_l10n_cn.mjb_data_account_tag_liquidity","其他货币资金"
"mjb_l10n_cn_10210000","Settlement reserve","10210000","asset_cash","True","base.CNY","mjb_l10n_cn.mjb_data_account_tag_liquidity","结算备付金"
"mjb_l10n_cn_10310000","Refundable deposits","10310000","asset_current","True","base.CNY","mjb_l10n_cn.mjb_data_account_tag_liquidity","存出保证金"
"mjb_l10n_cn_11010000","Tradable Financial Assets","11010000","asset_current","False","base.CNY","mjb_l10n_cn.mjb_data_account_tag_trading_financial_assets","交易性金融资产"
"mjb_l10n_cn_11110000","Buying back resale financial assets","11110000","asset_current","False","base.CNY","mjb_l10n_cn.mjb_data_account_tag_trading_financial_assets","买入返售金融资产"
"mjb_l10n_cn_11210000","Note receivable","11210000","asset_receivable","True","base.CNY","mjb_l10n_cn.mjb_data_account_tag_notes_receivable","应收票据"
"mjb_l10n_cn_11220000","Accounts Receivable (AR)","11220000","asset_receivable","True","base.CNY","mjb_l10n_cn.mjb_data_account_tag_receivable_plus","应收账款"
"mjb_l10n_cn_11220100","AR - Group","11220100","asset_receivable","True","base.CNY","mjb_l10n_cn.mjb_data_account_tag_receivable_plus","应收账款 - 集团内"
"mjb_l10n_cn_11220200","AR - on services","11220200","asset_receivable","True","base.CNY","mjb_l10n_cn.mjb_data_account_tag_receivable_plus","应收账款 - 服务"
"mjb_l10n_cn_11220300","AR - on non issued invoices","11220300","asset_receivable","True","base.CNY","mjb_l10n_cn.mjb_data_account_tag_receivable_plus","应收账款 - 未开发票"
"mjb_l10n_cn_11230000","Prepayment to supplier","11230000","asset_prepayments","False","base.CNY","mjb_l10n_cn.mjb_data_account_tag_prepayments","预付账款"
"mjb_l10n_cn_11310000","Subsidiary and Shares related to subsidiary companies","11310000","asset_current","False","base.CNY","mjb_l10n_cn.mjb_data_account_tag_dividend_receivable","应收股利"
"mjb_l10n_cn_11310100","Shares in subsidiary companies","11310100","asset_current","False","base.CNY","mjb_l10n_cn.mjb_data_account_tag_dividend_receivable","应收子公司股利"
"mjb_l10n_cn_11310200","Receivables on subsidiary companies' loans","11310200","asset_current","False","base.CNY","mjb_l10n_cn.mjb_data_account_tag_other_receivable","应收子公司借款"
"mjb_l10n_cn_11320000","Interest accrued","11320000","asset_current","False","base.CNY","mjb_l10n_cn.mjb_data_account_tag_interest_receivable","应收利息"
"mjb_l10n_cn_12010000","Subrogation receivable","12010000","asset_current","False","base.CNY","mjb_l10n_cn.mjb_data_account_tag_other_receivable","应收代位追偿款"
"mjb_l10n_cn_12110000","Reinsurance accounts receivable","12110000","asset_current","False","base.CNY","mjb_l10n_cn.mjb_data_account_tag_other_receivable","应收分保账款"
"mjb_l10n_cn_12120000","Reinsurance accounts undue liability reserves","12120000","asset_current","False","base.CNY","mjb_l10n_cn.mjb_data_account_tag_other_receivable","应收分保未到期责任准备金"
"mjb_l10n_cn_12210000","Other receivable","12210000","asset_current","False","base.CNY","mjb_l10n_cn.mjb_data_account_tag_other_receivable","其他应收款"
"mjb_l10n_cn_12210100","Other receivable - Rental Deposit","12210100","asset_current","False","base.CNY","mjb_l10n_cn.mjb_data_account_tag_other_receivable","其他应收款 - 房租押金"
"mjb_l10n_cn_12210200","Other receivable - Other Deposit","12210200","asset_current","False","base.CNY","mjb_l10n_cn.mjb_data_account_tag_other_receivable","其他应收款 - 其它押金"
"mjb_l10n_cn_12210300","Other receivable - Advanced payment","12210300","asset_current","False","base.CNY","mjb_l10n_cn.mjb_data_account_tag_other_receivable","其他应收款 - 其它垫付"
"mjb_l10n_cn_12210400","Other receivable - staff reimbursement","12210400","asset_current","False","base.CNY","mjb_l10n_cn.mjb_data_account_tag_other_receivable","其他应收款 - 员工报销"
"mjb_l10n_cn_12210500","Cash advanced TO staff","12210500","asset_current","False","base.CNY","mjb_l10n_cn.mjb_data_account_tag_other_receivable","其他应收款 - 员工预支"
"mjb_l10n_cn_12210600","Other receivable - pay for employees' social insurance","12210600","asset_current","False","base.CNY","mjb_l10n_cn.mjb_data_account_tag_other_receivable","其他应收款 - 代收代扣员工社保"
"mjb_l10n_cn_12210700","Other receivable - pay for employees' House allowance funds","12210700","asset_current","False","base.CNY","mjb_l10n_cn.mjb_data_account_tag_other_receivable","其他应收款 - 代收代扣员工住房公积金"
"mjb_l10n_cn_12210800","Other receivable - Others","12210800","asset_current","False","base.CNY","mjb_l10n_cn.mjb_data_account_tag_other_receivable","其他应收款 - 其他"
"mjb_l10n_cn_12210900","Other receivable - Prepay to Director","12210900","asset_current","False","base.CNY","mjb_l10n_cn.mjb_data_account_tag_other_receivable","其他应收款 - NRC"
"mjb_l10n_cn_12310000","Provision for Bad Debts","12310000","asset_receivable","True","base.CNY","mjb_l10n_cn.mjb_data_account_tag_receivable_plus","坏账准备"
"mjb_l10n_cn_13010000","Deposit of Capital Discounted","13010000","asset_current","True","base.CNY","mjb_l10n_cn.mjb_data_account_tag_other_current_assets","贴现资产"
"mjb_l10n_cn_13020000","Funds for inter-bank lending","13020000","asset_current","False","base.CNY","mjb_l10n_cn.mjb_data_account_tag_other_current_assets","拆出资金"
"mjb_l10n_cn_13030000","Loans","13030000","asset_current","False","base.CNY","mjb_l10n_cn.mjb_data_account_tag_other_current_assets","贷款"
"mjb_l10n_cn_13030100","Intra-group loans","13030100","asset_current","False","base.CNY","mjb_l10n_cn.mjb_data_account_tag_other_current_assets","集团内部贷款"
"mjb_l10n_cn_13030200","Other loans","13030200","asset_current","False","base.CNY","mjb_l10n_cn.mjb_data_account_tag_other_current_assets","其他贷款"
"mjb_l10n_cn_13040000","Provision for possible loan loss","13040000","asset_current","False","base.CNY","mjb_l10n_cn.mjb_data_account_tag_other_current_assets","贷款损失准备"
"mjb_l10n_cn_13110000","Payment Agent Security","13110000","asset_current","False","base.CNY","mjb_l10n_cn.mjb_data_account_tag_other_current_assets","代理兑付证券"
"mjb_l10n_cn_13210000","Consigned goods (agency business assets)","13210000","asset_current","False","base.CNY","mjb_l10n_cn.mjb_data_account_tag_other_current_assets","受托代销商品(代理业务资产)"
"mjb_l10n_cn_14010000","Material purchase","14010000","asset_current","False","base.CNY","mjb_l10n_cn.mjb_data_account_tag_inventory","材料采购"
"mjb_l10n_cn_14020000","Materials in transit","14020000","asset_current","False","base.CNY","mjb_l10n_cn.mjb_data_account_tag_inventory","在途物资"
"mjb_l10n_cn_14030000","SK - Inventory of raw materials and supply","14030000","asset_current","False","base.CNY","mjb_l10n_cn.mjb_data_account_tag_inventory","原材料"
"mjb_l10n_cn_14030100","SK - Raw material (SKR)","14030100","asset_current","False","base.CNY","mjb_l10n_cn.mjb_data_account_tag_inventory","原材料 - 一般材料"
"mjb_l10n_cn_14030200","SK - Supply (SKS)","14030200","asset_current","False","base.CNY","mjb_l10n_cn.mjb_data_account_tag_inventory","原材料 - 供应材料"
"mjb_l10n_cn_14030300","SK - Consumable supply (SKC)","14030300","asset_current","False","base.CNY","mjb_l10n_cn.mjb_data_account_tag_inventory","原材料 - 耗材"
"mjb_l10n_cn_14030310","SKC - Workshop and factory supply","14030310","asset_current","False","base.CNY","mjb_l10n_cn.mjb_data_account_tag_inventory","原材料 - 工厂和车间耗材"
"mjb_l10n_cn_14030320","SKC - Warehouse supply","14030320","asset_current","False","base.CNY","mjb_l10n_cn.mjb_data_account_tag_inventory","原材料 - 仓库耗材"
"mjb_l10n_cn_14030330","SK - Packaging (SKK)","14030330","asset_current","False","base.CNY","mjb_l10n_cn.mjb_data_account_tag_inventory","原材料 - 包装物"
"mjb_l10n_cn_14040000","Material cost variance","14040000","asset_current","False","base.CNY","mjb_l10n_cn.mjb_data_account_tag_inventory","材料成本差异"
"mjb_l10n_cn_14050000","SK - Products (SKP)","14050000","asset_current","False","base.CNY","mjb_l10n_cn.mjb_data_account_tag_inventory","库存商品"
"mjb_l10n_cn_14050100","SKP - Intermediary products","14050100","asset_current","False","base.CNY","mjb_l10n_cn.mjb_data_account_tag_inventory","库存商品 - 半成品"
"mjb_l10n_cn_14050200","SKP - Finished products","14050200","asset_current","False","base.CNY","mjb_l10n_cn.mjb_data_account_tag_inventory","库存商品 - 产成品"
"mjb_l10n_cn_14060000","Goods shipped in transit","14060000","asset_current","True","base.CNY","mjb_l10n_cn.mjb_data_account_tag_inventory","发出商品"
"mjb_l10n_cn_14070000","Margin between selling and purchasing price on merchandise","14070000","asset_current","False","base.CNY","mjb_l10n_cn.mjb_data_account_tag_inventory","商品进销差价"
"mjb_l10n_cn_14080000","Material on consignment for further processing","14080000","asset_current","False","base.CNY","mjb_l10n_cn.mjb_data_account_tag_inventory","委托加工物资"
"mjb_l10n_cn_14110100","Working materials - wrapping & low priced and easily worn consumables","14110100","asset_current","False","base.CNY","mjb_l10n_cn.mjb_data_account_tag_inventory","周转材料-包装物及低值易耗品"
"mjb_l10n_cn_14210000","Consumable biological assets","14210000","asset_current","False","base.CNY","mjb_l10n_cn.mjb_data_account_tag_other_current_assets","消耗性生物资产"
"mjb_l10n_cn_14310000","Noble metal","14310000","asset_current","False","base.CNY","mjb_l10n_cn.mjb_data_account_tag_other_current_assets","贵金属"
"mjb_l10n_cn_14410000","Assets of paying a debt","14410000","asset_current","False","base.CNY","mjb_l10n_cn.mjb_data_account_tag_other_current_assets","抵债资产"
"mjb_l10n_cn_14510000","Salvage goods","14510000","asset_current","False","base.CNY","mjb_l10n_cn.mjb_data_account_tag_other_current_assets","损余物资"
"mjb_l10n_cn_14610000","Financial lease assets","14610000","asset_current","False","base.CNY","mjb_l10n_cn.mjb_data_account_tag_other_current_assets","融资租赁资产"
"mjb_l10n_cn_14710000","Provision for stock impairment","14710000","asset_current","False","base.CNY","mjb_l10n_cn.mjb_data_account_tag_inventory_minus","存货跌价准备"
"mjb_l10n_cn_14810000","Holding assets for sale","14810000","asset_current","False","base.CNY","mjb_l10n_cn.mjb_data_account_tag_available_sale_financial_assets","持有待售资产"
"mjb_l10n_cn_14820000","Impairment of assets held for sale","14820000","asset_current","False","base.CNY","mjb_l10n_cn.mjb_data_account_tag_available_sale_financial_assets_minus","持有待售资产减值准备"
"mjb_l10n_cn_15010000","Holding the Investment Until the Call Date","15010000","asset_non_current","False","base.CNY","mjb_l10n_cn.mjb_data_account_tag_held_maturity_investments","持有至到期投资"
"mjb_l10n_cn_15020000","Provison for Mature Investment impairment","15020000","asset_non_current","False","base.CNY","mjb_l10n_cn.mjb_data_account_tag_held_maturity_investments_minus","持有至到期投资减值准备"
"mjb_l10n_cn_15030000","Financial assets available for sale","15030000","asset_non_current","False","base.CNY","mjb_l10n_cn.mjb_data_account_tag_available_sale_financial_assets","可供出售金融资产"
"mjb_l10n_cn_15110000","Long-term Equity investment","15110000","asset_non_current","False","base.CNY","mjb_l10n_cn.mjb_data_account_tag_long_term_equity_investments","长期股权投资"
"mjb_l10n_cn_15120000","A long-term equity investment impairment","15120000","asset_non_current","False","base.CNY","mjb_l10n_cn.mjb_data_account_tag_long_term_equity_investments_minus","长期股权投资减值准备"
"mjb_l10n_cn_15210000","Investment property","15210000","asset_non_current","False","base.CNY","mjb_l10n_cn.mjb_data_account_tag_available_sale_financial_assets","投资性房地产"
"mjb_l10n_cn_15270000","Financial product","15270000","asset_non_current","False","base.CNY","mjb_l10n_cn.mjb_data_account_tag_available_sale_financial_assets","理财产品"
"mjb_l10n_cn_15310000","Longterm account receivable","15310000","asset_non_current","False","base.CNY","mjb_l10n_cn.mjb_data_account_tag_long_term_receivable","长期应收款"
"mjb_l10n_cn_15320000","Unrealised finance income","15320000","asset_non_current","False","base.CNY","mjb_l10n_cn.mjb_data_account_tag_non_current_assets","未实现融资收益"
"mjb_l10n_cn_15410000","Deposit for Capital Recognizance","15410000","asset_non_current","False","base.CNY","mjb_l10n_cn.mjb_data_account_tag_non_current_assets","存出资本保证金"
"mjb_l10n_cn_16010000","Tangible assets (TA)","16010000","asset_non_current","False","base.CNY","mjb_l10n_cn.mjb_data_account_tag_tangible_assets","固定资产"
"mjb_l10n_cn_16010100","TA - Machinery and equipment","16010100","asset_fixed","False","base.CNY","mjb_l10n_cn.mjb_data_account_tag_tangible_assets","固定资产 - 机器和设备"
"mjb_l10n_cn_16010110","TA - Industrial machinery","16010110","asset_fixed","False","base.CNY","mjb_l10n_cn.mjb_data_account_tag_tangible_assets","固定资产 - 机器"
"mjb_l10n_cn_16010120","TA - Industrial equipment","16010120","asset_fixed","False","base.CNY","mjb_l10n_cn.mjb_data_account_tag_tangible_assets","固定资产 - 设备"
"mjb_l10n_cn_16010130","TA - Industrial machinery and equipment fitting out","16010130","asset_fixed","False","base.CNY","mjb_l10n_cn.mjb_data_account_tag_tangible_assets","固定资产 - 机器设备安装"
"mjb_l10n_cn_16010200","TA - General Installation, Fitting out","16010200","asset_fixed","False","base.CNY","mjb_l10n_cn.mjb_data_account_tag_tangible_assets","固定资产 - 一般安装"
"mjb_l10n_cn_16010300","TA - Transportation Material","16010300","asset_fixed","False","base.CNY","mjb_l10n_cn.mjb_data_account_tag_tangible_assets","固定资产 - 交通工具"
"mjb_l10n_cn_16010310","TA - Car","16010310","asset_fixed","False","base.CNY","mjb_l10n_cn.mjb_data_account_tag_tangible_assets","固定资产 - 小汽车"
"mjb_l10n_cn_16010400","TA - Office & IT Material","16010400","asset_fixed","False","base.CNY","mjb_l10n_cn.mjb_data_account_tag_tangible_assets","固定资产 - 办公和计算机材料"
"mjb_l10n_cn_16010410","TA - Office Material","16010410","asset_fixed","False","base.CNY","mjb_l10n_cn.mjb_data_account_tag_tangible_assets","固定资产 - 办公材料"
"mjb_l10n_cn_16010420","TA - IT Material","16010420","asset_fixed","False","base.CNY","mjb_l10n_cn.mjb_data_account_tag_tangible_assets","固定资产 - 计算机材料"
"mjb_l10n_cn_16010600","TA - Prepayments on tangible assets","16010600","asset_fixed","False","base.CNY","mjb_l10n_cn.mjb_data_account_tag_tangible_assets","固定资产 - 预付"
"mjb_l10n_cn_16010900","TA - Other tangible assets","16010900","asset_fixed","False","base.CNY","mjb_l10n_cn.mjb_data_account_tag_tangible_assets","固定资产 - 其他"
"mjb_l10n_cn_16020000","Accumulated depreciation","16020000","asset_fixed","False","base.CNY","mjb_l10n_cn.mjb_data_account_tag_tangible_assets_minus","累计折旧"
"mjb_l10n_cn_16020100","TANGIBLE ASSETS DEPRECIATION (TAD)","16020100","asset_fixed","False","base.CNY","mjb_l10n_cn.mjb_data_account_tag_tangible_assets_minus","累计折旧 - 固定资产"
"mjb_l10n_cn_16020110","TAD - Machinery and equipment","16020110","asset_fixed","False","base.CNY","mjb_l10n_cn.mjb_data_account_tag_tangible_assets_minus","累计折旧 - 机器设备"
"mjb_l10n_cn_16020111","TAD - Industrial machinery","16020111","asset_fixed","False","base.CNY","mjb_l10n_cn.mjb_data_account_tag_tangible_assets_minus","累计折旧 - 机器"
"mjb_l10n_cn_16020112","TAD - Industrial equipment","16020112","asset_fixed","False","base.CNY","mjb_l10n_cn.mjb_data_account_tag_tangible_assets_minus","累计折旧 - 设备"
"mjb_l10n_cn_16020120","TAD - Industrial machinery and equipment fitting out","16020120","asset_fixed","False","base.CNY","mjb_l10n_cn.mjb_data_account_tag_tangible_assets_minus","累计折旧 - 机器设备安装"
"mjb_l10n_cn_16020130","TAD - Transportation Material","16020130","asset_fixed","False","base.CNY","mjb_l10n_cn.mjb_data_account_tag_tangible_assets_minus","累计折旧 - 交通工具"
"mjb_l10n_cn_16020131","TAD - Car","16020131","asset_fixed","False","base.CNY","mjb_l10n_cn.mjb_data_account_tag_tangible_assets_minus","累计折旧 - 小汽车"
"mjb_l10n_cn_16020140","TAD - Office & IT Material","16020140","asset_fixed","False","base.CNY","mjb_l10n_cn.mjb_data_account_tag_tangible_assets_minus","累计折旧 - 办公和IT材料"
"mjb_l10n_cn_16020141","TAD - Office Material","16020141","asset_fixed","False","base.CNY","mjb_l10n_cn.mjb_data_account_tag_tangible_assets_minus","累计折旧 - 办公材料"
"mjb_l10n_cn_16020142","TAD - IT Material","16020142","asset_fixed","False","base.CNY","mjb_l10n_cn.mjb_data_account_tag_tangible_assets_minus","累计折旧 - IT材料"
"mjb_l10n_cn_16020180","TAD - General Installation, Fitting out","16020180","asset_fixed","False","base.CNY","mjb_l10n_cn.mjb_data_account_tag_tangible_assets_minus","累计折旧 - 一般安装"
"mjb_l10n_cn_16020190","TAD - Other tangible assets","16020190","asset_fixed","False","base.CNY","mjb_l10n_cn.mjb_data_account_tag_tangible_assets_minus","累计折旧 - 其他固定资产"
"mjb_l10n_cn_16020200","Unamortized Expenditures","16020200","asset_fixed","False","base.CNY","mjb_l10n_cn.mjb_data_account_tag_deffered_assets","待摊费用"
"mjb_l10n_cn_16020210","IAD - R&D","16020210","asset_fixed","False","base.CNY","mjb_l10n_cn.mjb_data_account_tag_deffered_assets","待摊费用 - 研发费用"
"mjb_l10n_cn_16020220","IAD - Depreciation on Franchises, patents, similar rights, patents","16020220","asset_fixed","False","base.CNY","mjb_l10n_cn.mjb_data_account_tag_deffered_assets","待摊费用 - 无形资产"
"mjb_l10n_cn_16030000","Provision for Fixed Assets Impairment","16030000","asset_current","False","base.CNY","mjb_l10n_cn.mjb_data_account_tag_tangible_assets","固定资产减值准备"
"mjb_l10n_cn_16040000","Construction in progress","16040000","asset_non_current","False","base.CNY","mjb_l10n_cn.mjb_data_account_tag_construction_work_process","在建工程"
"mjb_l10n_cn_16050000","Construction materials","16050000","asset_non_current","False","base.CNY","mjb_l10n_cn.mjb_data_account_tag_project_material","工程物资"
"mjb_l10n_cn_16060000","Fixed assets in liquidation","16060000","asset_non_current","False","base.CNY","mjb_l10n_cn.mjb_data_account_tag_disposal_fix_assets","固定资产清理"
"mjb_l10n_cn_16110000","Unguaranteed residual value","16110000","asset_non_current","False","base.CNY","mjb_l10n_cn.mjb_data_account_tag_disposal_fix_assets","未担保余值"
"mjb_l10n_cn_16210000","Productive biological asset","16210000","asset_non_current","False","base.CNY","mjb_l10n_cn.mjb_data_account_tag_production_biological_assets","生产性生物资产"
"mjb_l10n_cn_16220000","Productive biological assets accumulated depreciation","16220000","asset_non_current","False","base.CNY","mjb_l10n_cn.mjb_data_account_tag_production_biological_assets","生产性生物资产累计折旧"
"mjb_l10n_cn_16230000","Public welfare biological assets","16230000","asset_non_current","False","base.CNY","mjb_l10n_cn.mjb_data_account_tag_production_biological_assets","公益性生物资产"
"mjb_l10n_cn_16310000","Oil and gas asset","16310000","asset_non_current","False","base.CNY","mjb_l10n_cn.mjb_data_account_tag_oil_gas_assets","油气资产"
"mjb_l10n_cn_16320000","Accumulated depletion","16320000","asset_non_current","False","base.CNY","mjb_l10n_cn.mjb_data_account_tag_non_current_assets","累计折耗"
"mjb_l10n_cn_17010000","Intangible Assets (IA)","17010000","asset_non_current","False","base.CNY","mjb_l10n_cn.mjb_data_account_tag_intangible_assets","无形资产"
"mjb_l10n_cn_17020000","Accumulated amortization","17020000","asset_non_current","False","base.CNY","mjb_l10n_cn.mjb_data_account_tag_intangible_assets_minus","累计摊销"
"mjb_l10n_cn_17030000","Provision of intangible asset impairement","17030000","asset_non_current","False","base.CNY","mjb_l10n_cn.mjb_data_account_tag_intangible_assets_minus","无形资产减值准备"
"mjb_l10n_cn_17110000","Goodwill","17110000","asset_non_current","False","base.CNY","mjb_l10n_cn.mjb_data_account_tag_goodwill","商誉"
"mjb_l10n_cn_18010000","Long-term deferred and prepaid expenses","18010000","asset_non_current","False","base.CNY","mjb_l10n_cn.mjb_data_account_tag_deffered_assets","长期待摊费用"
"mjb_l10n_cn_18110000","Deferred tax asset","18110000","asset_non_current","False","base.CNY","mjb_l10n_cn.mjb_data_account_tag_deffered_income_tax_assets","递延所得税资产"
"mjb_l10n_cn_18120000","Separate account assets","18120000","asset_non_current","False","base.CNY","mjb_l10n_cn.mjb_data_account_tag_non_current_assets","独立账户资产"
"mjb_l10n_cn_19010000","Wait deal assets loss or income","19010000","asset_non_current","False","base.CNY","mjb_l10n_cn.mjb_data_account_tag_non_current_assets","待处理财产损溢"
"mjb_l10n_cn_20010000","Short term Loan & Debt (LD)","20010000","liability_current","False","base.CNY","mjb_l10n_cn.mjb_data_account_tag_current_liabilities","短期借款"
"mjb_l10n_cn_20010100","LD - Intra - Short term","20010100","liability_current","False","base.CNY","mjb_l10n_cn.mjb_data_account_tag_current_liabilities","短期借款 - 集团内部"
"mjb_l10n_cn_20010200","LD - Non intra - Short term","20010200","liability_current","False","base.CNY","mjb_l10n_cn.mjb_data_account_tag_current_liabilities","短期借款 - 集团外部"
"mjb_l10n_cn_20010300","LD - Due interest - Short term","20010300","liability_current","False","base.CNY","mjb_l10n_cn.mjb_data_account_tag_current_liabilities","短期借款 - 借款利息"
"mjb_l10n_cn_20010310","LD - On intra - Short term Due interest","20010310","liability_current","False","base.CNY","mjb_l10n_cn.mjb_data_account_tag_current_liabilities","短期借款 - 集团内部借款利息"
"mjb_l10n_cn_20010320","LD - Non intra - Short term Due interest","20010320","liability_current","False","base.CNY","mjb_l10n_cn.mjb_data_account_tag_current_liabilities","短期借款 - 集团外部借款利息"
"mjb_l10n_cn_20020000","Guarantee deposits & margins received","20020000","liability_current","False","base.CNY","mjb_l10n_cn.mjb_data_account_tag_current_liabilities","存入保证金"
"mjb_l10n_cn_20030000","Borrowed inter-bank funds","20030000","liability_current","False","base.CNY","mjb_l10n_cn.mjb_data_account_tag_current_liabilities","拆入资金"
"mjb_l10n_cn_20040000","Lending to the Central Bank","20040000","liability_current","False","base.CNY","mjb_l10n_cn.mjb_data_account_tag_current_liabilities","向中央银行借款"
"mjb_l10n_cn_20050000","Accrued Expense","20050000","liability_current","False","base.CNY","mjb_l10n_cn.mjb_data_account_tag_current_liabilities","预提费用"
"mjb_l10n_cn_20110000","Deposit taking","20110000","liability_current","False","base.CNY","mjb_l10n_cn.mjb_data_account_tag_current_liabilities","吸收存款"
"mjb_l10n_cn_20120000","Due to placements with banks and other financial Institutions","20120000","liability_current","False","base.CNY","mjb_l10n_cn.mjb_data_account_tag_current_liabilities","同业存放"
"mjb_l10n_cn_20210000","Discounting liabilities","20210000","liability_current","False","base.CNY","mjb_l10n_cn.mjb_data_account_tag_current_liabilities","贴现负债"
"mjb_l10n_cn_21010000","Trading financial liabilities","21010000","liability_current","False","base.CNY","mjb_l10n_cn.mjb_data_account_tag_current_liabilities","交易性金融负债"
"mjb_l10n_cn_21110000","Sold under repurchase financial assets","21110000","liability_current","False","base.CNY","mjb_l10n_cn.mjb_data_account_tag_current_liabilities","卖出回购金融资产款"
"mjb_l10n_cn_22010000","Notes payable","22010000","liability_payable","True","base.CNY","mjb_l10n_cn.mjb_data_account_tag_notes_payable","应付票据"
"mjb_l10n_cn_22020000","Account payables (AP)","22020000","liability_payable","True","base.CNY","mjb_l10n_cn.mjb_data_account_tag_payable","应付账款"
"mjb_l10n_cn_22020100","AP - Group","22020100","liability_payable","True","base.CNY","mjb_l10n_cn.mjb_data_account_tag_payable","应付账款 - 集团内"
"mjb_l10n_cn_22020200","AP - on services","22020200","liability_payable","True","base.CNY","mjb_l10n_cn.mjb_data_account_tag_payable","应付账款 - 服务费"
"mjb_l10n_cn_22020300","AP - on tangible assets purchased","22020300","liability_payable","True","base.CNY","mjb_l10n_cn.mjb_data_account_tag_payable","应付账款 - 固定资产"
"mjb_l10n_cn_22020400","AP - on non received invoices","22020400","liability_payable","True","base.CNY","mjb_l10n_cn.mjb_data_account_tag_payable","应付账款 - 未收到发票"
"mjb_l10n_cn_22030000","Advance from Customers","22030000","liability_current","False","base.CNY","mjb_l10n_cn.mjb_data_account_tag_current_liabilities","预收账款"
"mjb_l10n_cn_22030100","Advance from Customers- on service","22030100","liability_current","False","base.CNY","mjb_l10n_cn.mjb_data_account_tag_current_liabilities","预收账款-服务费"
"mjb_l10n_cn_22040000","Cash advanced from staff","22040000","liability_payable","True","base.CNY","mjb_l10n_cn.mjb_data_account_tag_current_liabilities","员工预收"
"mjb_l10n_cn_22110000","Staff payables","22110000","liability_current","False","base.CNY","mjb_l10n_cn.mjb_data_account_tag_current_liabilities","应付职工薪酬"
"mjb_l10n_cn_22110100","Staff payable","22110100","liability_current","True","base.CNY","mjb_l10n_cn.mjb_data_account_tag_current_liabilities","应付职工薪酬 - 应付工资"
"mjb_l10n_cn_22110200","SP - Annual bonus","22110200","liability_current","True","base.CNY","mjb_l10n_cn.mjb_data_account_tag_current_liabilities","应付职工薪酬 - 年终奖"
"mjb_l10n_cn_22110300","SP - Advanced bonus","22110300","liability_current","True","base.CNY","mjb_l10n_cn.mjb_data_account_tag_current_liabilities","应付职工薪酬 - 提前奖金"
"mjb_l10n_cn_22110400","Staff payable - SI","22110400","liability_current","True","base.CNY","mjb_l10n_cn.mjb_data_account_tag_current_liabilities","应付职工薪酬 - 应付社保 (个人)"
"mjb_l10n_cn_22110500","Staff payable - HAF","22110500","liability_current","True","base.CNY","mjb_l10n_cn.mjb_data_account_tag_current_liabilities","应付职工薪酬 - 应付公积金 (个人)"
"mjb_l10n_cn_22110600","State payable - SI","22110600","liability_current","True","base.CNY","mjb_l10n_cn.mjb_data_account_tag_current_liabilities","应付职工薪酬 - 应付社保 (公司）"
"mjb_l10n_cn_22110700","State payable - HAF","22110700","liability_current","True","base.CNY","mjb_l10n_cn.mjb_data_account_tag_current_liabilities","应付职工薪酬 - 应付公积金 (公司)"
"mjb_l10n_cn_22110800","SP - non issued paysilp","22110800","liability_current","True","base.CNY","mjb_l10n_cn.mjb_data_account_tag_current_liabilities","应付职工薪酬 - 预提工资"
"mjb_l10n_cn_22210000","State payable (EP)","22210000","liability_current","False","base.CNY","mjb_l10n_cn.mjb_data_account_tag_current_liabilities","应交税费"
"mjb_l10n_cn_22210101","EP - Input VAT","22210101","liability_current","False","base.CNY","mjb_l10n_cn.mjb_data_account_tag_current_liabilities","应交税费 - 应交增值税 - 进项税"
"mjb_l10n_cn_22210120","EP - VAT Payment","22210120","liability_current","False","base.CNY","mjb_l10n_cn.mjb_data_account_tag_current_liabilities","应交税费 - 已交税金"
"mjb_l10n_cn_22210150","EP - Output VAT","22210150","liability_current","False","base.CNY","mjb_l10n_cn.mjb_data_account_tag_current_liabilities","应交税费 - 应交增值税 - 销项税"
"mjb_l10n_cn_22210160","EP - VAT Refund from State","22210160","liability_current","False","base.CNY","mjb_l10n_cn.mjb_data_account_tag_current_liabilities","应交税费 - 出口退税"
"mjb_l10n_cn_22210170","EP - VAT Balance Payment to State","22210170","liability_current","False","base.CNY","mjb_l10n_cn.mjb_data_account_tag_current_liabilities","应交税费 - 未交增值税"
"mjb_l10n_cn_22210190","EP - VAT credit to be reported","22210190","liability_current","False","base.CNY","mjb_l10n_cn.mjb_data_account_tag_current_liabilities","应交税费 - 转出多交增值税"
"mjb_l10n_cn_22210200","EP - Business profit tax","22210200","liability_current","False","base.CNY","mjb_l10n_cn.mjb_data_account_tag_current_liabilities","应交税费 - 应交营业税"
"mjb_l10n_cn_22210300","EP - Consumption tax","22210300","liability_current","False","base.CNY","mjb_l10n_cn.mjb_data_account_tag_current_liabilities","应交税费 - 应交消费税"
"mjb_l10n_cn_22210400","EP - local(bunk) tax","22210400","liability_current","False","base.CNY","mjb_l10n_cn.mjb_data_account_tag_current_liabilities","应交税费 - 应交堤围费"
"mjb_l10n_cn_22210500","EP - Income tax payable","22210500","liability_current","False","base.CNY","mjb_l10n_cn.mjb_data_account_tag_current_liabilities","应交税费 - 应交所得税"
"mjb_l10n_cn_22210600","EP - Land value increment tax","22210600","liability_current","False","base.CNY","mjb_l10n_cn.mjb_data_account_tag_current_liabilities","应交税费 - 应交土地增值税"
"mjb_l10n_cn_22210700","EP - City planning tax","22210700","liability_current","False","base.CNY","mjb_l10n_cn.mjb_data_account_tag_current_liabilities","应交税费 - 应交城市维护建设税"
"mjb_l10n_cn_22210810","EP - Education tax","22210810","liability_current","False","base.CNY","mjb_l10n_cn.mjb_data_account_tag_current_liabilities","应交税费 - 应交教育费附加"
"mjb_l10n_cn_22210820","EP - Local Education tax","22210820","liability_current","False","base.CNY","mjb_l10n_cn.mjb_data_account_tag_current_liabilities","应交税费 - 地方应交教育费附加"
"mjb_l10n_cn_22210900","EP - Land use tax","22210900","liability_current","False","base.CNY","mjb_l10n_cn.mjb_data_account_tag_current_liabilities","应交税费 - 应交土地使用税"
"mjb_l10n_cn_22211000","EP - Operation tax of vehicle and ship","22211000","liability_current","False","base.CNY","mjb_l10n_cn.mjb_data_account_tag_current_liabilities","应交税费 - 应交车船使用税"
"mjb_l10n_cn_22211100","EP - Personal tax","22211100","liability_current","False","base.CNY","mjb_l10n_cn.mjb_data_account_tag_current_liabilities","应交税费 - 应交个人所得税"
"mjb_l10n_cn_22211210","EP - Abroad Input and refundable VAT","22211210","liability_current","False","base.CNY","mjb_l10n_cn.mjb_data_account_tag_current_liabilities","应交税费 - 国外进项税(可抵扣)"
"mjb_l10n_cn_22211220","EP - Abroad Input and non refundable VAT","22211220","liability_current","False","base.CNY","mjb_l10n_cn.mjb_data_account_tag_current_liabilities","应交税费 - 国外进项税(不可抵扣)"
"mjb_l10n_cn_22310000","Dividends payable","22310000","liability_current","False","base.CNY","mjb_l10n_cn.mjb_data_account_tag_current_liabilities","应付股利"
"mjb_l10n_cn_22310100","SP - Dividend to be paid","22310100","liability_current","False","base.CNY","mjb_l10n_cn.mjb_data_account_tag_current_liabilities","应付股利 - 股利"
"mjb_l10n_cn_22320000","Interest payable","22320000","liability_current","False","base.CNY","mjb_l10n_cn.mjb_data_account_tag_current_liabilities","应付利息"
"mjb_l10n_cn_22410000","Other accounts payable","22410000","liability_current","False","base.CNY","mjb_l10n_cn.mjb_data_account_tag_current_liabilities","其他应付款"
"mjb_l10n_cn_22410100","Other accounts payable - Payment from director","22410100","liability_current","False","base.CNY","mjb_l10n_cn.mjb_data_account_tag_current_liabilities","其他应付款 - 向股东借款(NRC)"
"mjb_l10n_cn_22410200","Other accounts payable - Office rental utility","22410200","liability_current","False","base.CNY","mjb_l10n_cn.mjb_data_account_tag_current_liabilities","其他应付款 - 房租等费用"
"mjb_l10n_cn_22410300","Other accounts payable - staff reimbursement","22410300","liability_current","False","base.CNY","mjb_l10n_cn.mjb_data_account_tag_current_liabilities","其他应付款 - 员工报销"
"mjb_l10n_cn_22410400","Other accounts payable - Majorbird HK","22410400","liability_current","False","base.CNY","mjb_l10n_cn.mjb_data_account_tag_current_liabilities","其他应付款 - Majorbird Limited(HK)"
"mjb_l10n_cn_22410500","Other accounts payable - Other company","22410500","liability_current","False","base.CNY","mjb_l10n_cn.mjb_data_account_tag_current_liabilities","其他应付款 - 其它公司"
"mjb_l10n_cn_22510000","To cope with policy dividends","22510000","liability_current","False","base.CNY","mjb_l10n_cn.mjb_data_account_tag_current_liabilities","应付保单红利"
"mjb_l10n_cn_22610000","Dividend payable for reinsurance","22610000","liability_current","False","base.CNY","mjb_l10n_cn.mjb_data_account_tag_current_liabilities","应付分保账款"
"mjb_l10n_cn_23110000","Agents selling securities","23110000","liability_current","False","base.CNY","mjb_l10n_cn.mjb_data_account_tag_current_liabilities","代理买卖证券款"
"mjb_l10n_cn_23120000","Agent underwrite securities","23120000","liability_current","False","base.CNY","mjb_l10n_cn.mjb_data_account_tag_current_liabilities","代理承销证券款"
"mjb_l10n_cn_23130000","Agent payment security","23130000","liability_current","False","base.CNY","mjb_l10n_cn.mjb_data_account_tag_current_liabilities","代理兑付证券款"
"mjb_l10n_cn_23140000","Agency business liabilities","23140000","liability_current","False","base.CNY","mjb_l10n_cn.mjb_data_account_tag_current_liabilities","受托代销商品款(代理业务负债)"
"mjb_l10n_cn_24010000","Deferred income","24010000","liability_current","False","base.CNY","mjb_l10n_cn.mjb_data_account_tag_current_liabilities","递延收益"
"mjb_l10n_cn_25010000","Long term Loan & Debt (LD)","25010000","liability_non_current","False","base.CNY","mjb_l10n_cn.mjb_data_account_tag_longterm_loan","长期借款"
"mjb_l10n_cn_25010100","LD - Intra - Long term","25010100","liability_non_current","False","base.CNY","mjb_l10n_cn.mjb_data_account_tag_longterm_loan","长期借款 - 集团内部"
"mjb_l10n_cn_25010200","LD - Non intra - Long term","25010200","liability_non_current","False","base.CNY","mjb_l10n_cn.mjb_data_account_tag_longterm_loan","长期借款 - 集团外部"
"mjb_l10n_cn_25010300","LD - Due interest - Long term","25010300","liability_non_current","False","base.CNY","mjb_l10n_cn.mjb_data_account_tag_longterm_loan","长期借款 - 借款利息"
"mjb_l10n_cn_25010310","LD - On intra - Long term Due interest","25010310","liability_non_current","False","base.CNY","mjb_l10n_cn.mjb_data_account_tag_longterm_loan","长期借款 - 集团内部借款利息"
"mjb_l10n_cn_25010320","LD - Non intra - Long term Due interest","25010320","liability_non_current","False","base.CNY","mjb_l10n_cn.mjb_data_account_tag_longterm_loan","长期借款 - 集团外部借款利息"
"mjb_l10n_cn_25020000","Bonds payable","25020000","liability_non_current","False","base.CNY","mjb_l10n_cn.mjb_data_account_tag_bonds_payable","应付债券"
"mjb_l10n_cn_26010000","Undue liability reserves","26010000","liability_current","False","base.CNY","mjb_l10n_cn.mjb_data_account_tag_other_non_current_liabilities","未到期责任准备金"
"mjb_l10n_cn_26020000","Policy reserve","26020000","liability_current","False","base.CNY","mjb_l10n_cn.mjb_data_account_tag_other_non_current_liabilities","保险责任准备金"
"mjb_l10n_cn_26110000","Deposit of the Insured","26110000","liability_non_current","False","base.CNY","mjb_l10n_cn.mjb_data_account_tag_other_non_current_liabilities","保户储金"
"mjb_l10n_cn_26210000","Separate account liabilities","26210000","liability_non_current","False","base.CNY","mjb_l10n_cn.mjb_data_account_tag_other_non_current_liabilities","独立账户负债"
"mjb_l10n_cn_27010000","Long-term payables","27010000","liability_non_current","False","base.CNY","mjb_l10n_cn.mjb_data_account_tag_longterm_account_payable","长期应付款"
"mjb_l10n_cn_27020000","Unrecognised finance charge","27020000","liability_non_current","False","base.CNY","mjb_l10n_cn.mjb_data_account_tag_other_non_current_liabilities","未确认融资费用"
"mjb_l10n_cn_27110000","Special payable","27110000","liability_current","False","base.CNY","mjb_l10n_cn.mjb_data_account_tag_other_non_current_liabilities","专项应付款"
"mjb_l10n_cn_28010000","Beforehand liabilities","28010000","liability_current","False","base.CNY","mjb_l10n_cn.mjb_data_account_tag_other_non_current_liabilities","预计负债"
"mjb_l10n_cn_28020000","Unrecognised finance charge","28020000","liability_non_current","False","base.CNY","mjb_l10n_cn.mjb_data_account_tag_other_non_current_liabilities","未确认融资费用"
"mjb_l10n_cn_29010000","Deferred income tax liabilities","29010000","liability_non_current","False","base.CNY","mjb_l10n_cn.mjb_data_account_tag_deffered_taxation_credit","递延所得税负债"
"mjb_l10n_cn_31010000","Derivative","31010000","equity","False","base.CNY","mjb_l10n_cn.mjb_data_account_tag_less_treasury_stock","衍生工具"
"mjb_l10n_cn_32010000","Arbitrage tool","32010000","equity","False","base.CNY","mjb_l10n_cn.mjb_data_account_tag_less_treasury_stock","套期工具"
"mjb_l10n_cn_40010000","CP - Reserves","40010000","equity","False","base.CNY","mjb_l10n_cn.mjb_data_account_tag_capital_reserves","实收资本"
"mjb_l10n_cn_40010100","CP - Share capital","40010100","equity","False","base.CNY","mjb_l10n_cn.mjb_data_account_tag_share_capital","股本"
"mjb_l10n_cn_40010200","CP - Reserves","40010200","equity","False","base.CNY","mjb_l10n_cn.mjb_data_account_tag_capital_reserves","实收资本"
"mjb_l10n_cn_40020000","Contributed surplus","40020000","equity","False","base.CNY","mjb_l10n_cn.mjb_data_account_tag_surplus_reserves","资本公积"
"mjb_l10n_cn_41010000","Surplus from Profit","41010000","equity","False","base.CNY","mjb_l10n_cn.mjb_data_account_tag_surplus_reserves","盈余公积"
"mjb_l10n_cn_41020000","General risk preparation","41020000","equity","False","base.CNY","mjb_l10n_cn.mjb_data_account_tag_less_treasury_stock","一般风险准备"
"mjb_l10n_cn_41030000","Yearly Net Income (Profit or Loss) (PL)","41030000","equity","False","base.CNY","mjb_l10n_cn.mjb_data_account_tag_undivided_profits","本年利润"
"mjb_l10n_cn_41030100","PL - Yearly Profit and Loss","41030100","equity_unaffected","False","base.CNY","mjb_l10n_cn.mjb_data_account_tag_undivided_profits","本年利润 - 利润"
"mjb_l10n_cn_41040000","Allocation of profits","41040000","equity","False","base.CNY","mjb_l10n_cn.mjb_data_account_tag_undivided_profits","利润分配"
"mjb_l10n_cn_41040100","Non allocation of profits","41040100","equity","False","base.CNY","mjb_l10n_cn.mjb_data_account_tag_undivided_profits","利润分配 - 未分配利润"
"mjb_l10n_cn_42010000","Treasury stock","42010000","equity","False","base.CNY","mjb_l10n_cn.mjb_data_account_tag_less_treasury_stock","库存股"
"mjb_l10n_cn_50010000","Cost of production","50010000","asset_current","False","base.CNY","mjb_l10n_cn.mjb_data_account_tag_other_current_assets","生产成本"
"mjb_l10n_cn_51010000","Manufacturing expenses","51010000","asset_current","False","base.CNY","mjb_l10n_cn.mjb_data_account_tag_other_current_assets","制造费用"
"mjb_l10n_cn_51010100","Depreciation","51010100","asset_current","False","base.CNY","mjb_l10n_cn.mjb_data_account_tag_other_current_assets","制造费用 - 累计折旧"
"mjb_l10n_cn_51010200","RTE - Leasing","51010200","asset_current","False","base.CNY","mjb_l10n_cn.mjb_data_account_tag_other_current_assets","制造费用 - 租赁"
"mjb_l10n_cn_51010300","RTE - Renting and management fees","51010300","asset_current","False","base.CNY","mjb_l10n_cn.mjb_data_account_tag_other_current_assets","制造费用 - 管理费"
"mjb_l10n_cn_51010310","RTE - Plant - Renting and management fees","51010310","asset_current","False","base.CNY","mjb_l10n_cn.mjb_data_account_tag_other_current_assets","制造费用 - 厂房租金管理费"
"mjb_l10n_cn_51010320","RTE - Director's Appartment - Renting and management fees","51010320","asset_current","False","base.CNY","mjb_l10n_cn.mjb_data_account_tag_other_current_assets","制造费用 - 管理层房租管理费"
"mjb_l10n_cn_51010330","RTE - Workers' Appartments - Renting and management fees","51010330","asset_current","False","base.CNY","mjb_l10n_cn.mjb_data_account_tag_other_current_assets","制造费用 - 工人房租管理费"
"mjb_l10n_cn_51010400","Wages and salaries (WSE) - Workers","51010400","asset_current","False","base.CNY","mjb_l10n_cn.mjb_data_account_tag_other_current_assets","制造费用 - 直接人工"
"mjb_l10n_cn_51010410","WSE - Workers - Salary","51010410","asset_current","False","base.CNY","mjb_l10n_cn.mjb_data_account_tag_other_current_assets","制造费用 - 工人工资"
"mjb_l10n_cn_51010411","WSE - Workers - Paid Leave","51010411","asset_current","False","base.CNY","mjb_l10n_cn.mjb_data_account_tag_other_current_assets","制造费用 - 假期工资"
"mjb_l10n_cn_51010412","WSE - Workers - Bonus (official)","51010412","asset_current","False","base.CNY","mjb_l10n_cn.mjb_data_account_tag_other_current_assets","制造费用 - 奖金"
"mjb_l10n_cn_51010413","WSE - Workers - Commission (based on contract)","51010413","asset_current","False","base.CNY","mjb_l10n_cn.mjb_data_account_tag_other_current_assets","制造费用 - 佣金"
"mjb_l10n_cn_51010414","WSE - Workers - Bonus (black)","51010414","asset_current","False","base.CNY","mjb_l10n_cn.mjb_data_account_tag_other_current_assets","制造费用 - 非官方不定额奖金"
"mjb_l10n_cn_51010415","WSE - ADN - Workers - Salary","51010415","asset_current","False","base.CNY","mjb_l10n_cn.mjb_data_account_tag_other_current_assets","制造费用 - 员工福利"
"mjb_l10n_cn_51010500","General Taxes (GTE)","51010500","asset_current","False","base.CNY","mjb_l10n_cn.mjb_data_account_tag_other_current_assets","制造费用 - 税金"
"mjb_l10n_cn_51010510","GTE - Factory","51010510","asset_current","False","base.CNY","mjb_l10n_cn.mjb_data_account_tag_other_current_assets","制造费用 - 工厂租金税"
"mjb_l10n_cn_51010520","GTE - Workers' Appartments","51010520","asset_current","False","base.CNY","mjb_l10n_cn.mjb_data_account_tag_other_current_assets","制造费用 - 工人房租税"
"mjb_l10n_cn_51010530","GTE - Director's Appartment","51010530","asset_current","False","base.CNY","mjb_l10n_cn.mjb_data_account_tag_other_current_assets","制造费用 - 管理层房租费"
"mjb_l10n_cn_51010600","Workers' Appartment renting and utilities","51010600","asset_current","False","base.CNY","mjb_l10n_cn.mjb_data_account_tag_other_current_assets","制造费用 - 工人公寓租金及其相关费用"
"mjb_l10n_cn_51010610","RTE - Workers' appartments - rental","51010610","asset_current","False","base.CNY","mjb_l10n_cn.mjb_data_account_tag_other_current_assets","制造费用 - 工人房租"
"mjb_l10n_cn_51010620","RTE - Workers' Appartments - Water","51010620","asset_current","False","base.CNY","mjb_l10n_cn.mjb_data_account_tag_other_current_assets","制造费用 - 工人公寓水费"
"mjb_l10n_cn_51010630","RTE - Workers' Appartments - Electricity","51010630","asset_current","False","base.CNY","mjb_l10n_cn.mjb_data_account_tag_other_current_assets","制造费用 - 工人公寓电费"
"mjb_l10n_cn_51010700","Plant renting and utilities","51010700","asset_current","False","base.CNY","mjb_l10n_cn.mjb_data_account_tag_other_current_assets","制造费用 - 厂房租金及其相关费用"
"mjb_l10n_cn_51010710","RTE - Plant - rental","51010710","asset_current","False","base.CNY","mjb_l10n_cn.mjb_data_account_tag_other_current_assets","制造费用 - 厂房房租"
"mjb_l10n_cn_51010720","RTE - Plant - Water","51010720","asset_current","False","base.CNY","mjb_l10n_cn.mjb_data_account_tag_other_current_assets","制造费用 - 厂房水费"
"mjb_l10n_cn_51010730","RTE - Plant - Electricity","51010730","asset_current","False","base.CNY","mjb_l10n_cn.mjb_data_account_tag_other_current_assets","制造费用 - 厂房电费"
"mjb_l10n_cn_51010800","Maintaince fee","51010800","asset_current","False","base.CNY","mjb_l10n_cn.mjb_data_account_tag_other_current_assets","制造费用 - 维修费"
"mjb_l10n_cn_51010810","Maintaince fee - Plant","51010810","asset_current","False","base.CNY","mjb_l10n_cn.mjb_data_account_tag_other_current_assets","制造费用 - 维护费 - 建筑物 - 工厂"
"mjb_l10n_cn_51010820","Maintaince fee - Workers' Appartments","51010820","asset_current","False","base.CNY","mjb_l10n_cn.mjb_data_account_tag_other_current_assets","制造费用 - 维护费 - 建筑物 - 工人公寓"
"mjb_l10n_cn_52010000","Labor service cost","52010000","asset_current","False","base.CNY","mjb_l10n_cn.mjb_data_account_tag_other_current_assets","劳务成本"
"mjb_l10n_cn_53010000","Research and development expenditure","53010000","asset_current","False","base.CNY","mjb_l10n_cn.mjb_data_account_tag_development_expenditure","研发支出"
"mjb_l10n_cn_54010000","Engineering construction","54010000","asset_current","False","base.CNY","mjb_l10n_cn.mjb_data_account_tag_other_current_assets","工程施工"
"mjb_l10n_cn_54020000","Project settlement","54020000","asset_current","False","base.CNY","mjb_l10n_cn.mjb_data_account_tag_other_current_assets","工程结算"
"mjb_l10n_cn_54030000","Mechanical application","54030000","asset_current","False","base.CNY","mjb_l10n_cn.mjb_data_account_tag_other_current_assets","机械作业"
"mjb_l10n_cn_5801","Liquidity Transfer","5801","asset_current","True","base.CNY","mjb_l10n_cn.mjb_data_account_tag_other_current_assets",""
"mjb_l10n_cn_60010000","Income on sales (IOV)","60010000","income","False","base.CNY","mjb_l10n_cn.mjb_data_account_tag_revenue","主营业务收入"
"mjb_l10n_cn_60010100","IOV- on service","60010100","income","False","base.CNY","mjb_l10n_cn.mjb_data_account_tag_revenue","主营业务收入-服务费"
"mjb_l10n_cn_60010200","IOS - of goods","60010200","income","False","base.CNY","mjb_l10n_cn.mjb_data_account_tag_revenue","主营业务收入 - 采购产品"
"mjb_l10n_cn_60010300","IOS - of intermediary products","60010300","income","False","base.CNY","mjb_l10n_cn.mjb_data_account_tag_revenue","主营业务收入 - 半成品"
"mjb_l10n_cn_60010400","IOS - of residual product or recyclable material","60010400","income","False","base.CNY","mjb_l10n_cn.mjb_data_account_tag_revenue","主营业务收入 - 可回收材料"
"mjb_l10n_cn_60010500","IOS - of products","60010500","income","False","base.CNY","mjb_l10n_cn.mjb_data_account_tag_revenue","主营业务收入 - 生产产品"
"mjb_l10n_cn_60110000","FIR - Interest revenue","60110000","income_other","False","base.CNY","mjb_l10n_cn.mjb_data_account_tag_revenue","利息收入"
"mjb_l10n_cn_60110100","FIR - Loan Interest revenue","60110100","income_other","False","base.CNY","mjb_l10n_cn.mjb_data_account_tag_revenue","利息收入（贷款）"
"mjb_l10n_cn_60110200","FIR - Bank Interest revenue","60110200","income_other","False","base.CNY","mjb_l10n_cn.mjb_data_account_tag_revenue","利息收入（银行）"
"mjb_l10n_cn_60210000","Fee and Commission income","60210000","income_other","False","base.CNY","mjb_l10n_cn.mjb_data_account_tag_revenue","手续费及佣金收入"
"mjb_l10n_cn_60310000","Premium income","60310000","income_other","False","base.CNY","mjb_l10n_cn.mjb_data_account_tag_revenue","保费收入"
"mjb_l10n_cn_60410000","Rental income","60410000","income_other","False","base.CNY","mjb_l10n_cn.mjb_data_account_tag_revenue","租赁收入"
"mjb_l10n_cn_60510000","Other operational income","60510000","income_other","False","base.CNY","mjb_l10n_cn.mjb_data_account_tag_revenue","其他业务收入"
"mjb_l10n_cn_60510100","IOD - Local Delivery","60510100","income_other","False","base.CNY","mjb_l10n_cn.mjb_data_account_tag_revenue","其他业务收入 - 国内运费"
"mjb_l10n_cn_60510200","IOD - Abroad Delivery","60510200","income_other","False","base.CNY","mjb_l10n_cn.mjb_data_account_tag_revenue","其他业务收入 - 国外运费"
"mjb_l10n_cn_60510300","Income on services prestation (IOV)","60510300","income_other","False","base.CNY","mjb_l10n_cn.mjb_data_account_tag_revenue","其他业务收入 - 服务费"
"mjb_l10n_cn_60510310","IOV - Supply Chain Management","60510310","income_other","False","base.CNY","mjb_l10n_cn.mjb_data_account_tag_revenue","其他业务收入 - 供应链合同"
"mjb_l10n_cn_60510320","IOV - QUALITY Control","60510320","income_other","False","base.CNY","mjb_l10n_cn.mjb_data_account_tag_revenue","其他业务收入 - 质检费"
"mjb_l10n_cn_60510330","IOV - Design & Study","60510330","income_other","False","base.CNY","mjb_l10n_cn.mjb_data_account_tag_revenue","其他业务收入 - 设计& 学习"
"mjb_l10n_cn_60510340","IOV - Sales Management","60510340","income_other","False","base.CNY","mjb_l10n_cn.mjb_data_account_tag_revenue","其他业务收入 - 销售合同"
"mjb_l10n_cn_60510400","Income on commission on sales (IOC)","60510400","income_other","False","base.CNY","mjb_l10n_cn.mjb_data_account_tag_revenue","其他业务收入 - 佣金收入"
"mjb_l10n_cn_60510410","IOC - Odoo","60510410","income_other","False","base.CNY","mjb_l10n_cn.mjb_data_account_tag_revenue","其他业务收入 - 佣金收入 - Odoo"
"mjb_l10n_cn_60610000","Exchange gain or loss","60610000","expense","False","base.CNY","mjb_l10n_cn.mjb_data_account_tag_financial_expenses","汇兑损益"
"mjb_l10n_cn_61010000","Changes in fair value gains and losses","61010000","expense","False","base.CNY","mjb_l10n_cn.mjb_data_account_tag_net_changes_in_fair_value","公允价值变动损益"
"mjb_l10n_cn_61110000","Income on investment","61110000","expense","False","base.CNY","mjb_l10n_cn.mjb_data_account_tag_net_investment_income","投资收益"
"mjb_l10n_cn_62010000","Insurance reserves","62010000","expense","False","base.CNY","mjb_l10n_cn.mjb_data_account_tag_financial_expenses","摊回保险责任准备金"
"mjb_l10n_cn_62020000","Amortized compensation expenses","62020000","expense","False","base.CNY","mjb_l10n_cn.mjb_data_account_tag_financial_expenses","摊回赔付支出"
"mjb_l10n_cn_62030000","Amortized reinsurance expenditures","62030000","expense","False","base.CNY","mjb_l10n_cn.mjb_data_account_tag_financial_expenses","摊回分保费用"
"mjb_l10n_cn_63010000","Non-operating income","63010000","income_other","False","base.CNY","mjb_l10n_cn.mjb_data_account_tag_non_operation_income","营业外收入"
"mjb_l10n_cn_63010100","Waster","63010100","income_other","False","base.CNY","mjb_l10n_cn.mjb_data_account_tag_non_operation_income","营业外收入 - 垃圾"
"mjb_l10n_cn_63010200","Non-operating income - Others","63010200","income_other","False","base.CNY","mjb_l10n_cn.mjb_data_account_tag_non_operation_income","营业外收入 - 其它"
"mjb_l10n_cn_64010000","Cost of purchases (COP)","64010000","expense_direct_cost","False","base.CNY","mjb_l10n_cn.mjb_data_account_tag_operation_cost","主营业务成本"
"mjb_l10n_cn_64010100","COP - on raw material","64010100","expense_direct_cost","False","base.CNY","mjb_l10n_cn.mjb_data_account_tag_operation_cost","主营业务成本 - 原材料"
"mjb_l10n_cn_64010200","COP - on intermediary products","64010200","expense_direct_cost","False","base.CNY","mjb_l10n_cn.mjb_data_account_tag_operation_cost","主营业务成本 - 半成品"
"mjb_l10n_cn_64010300","COP - on goods","64010300","expense_direct_cost","False","base.CNY","mjb_l10n_cn.mjb_data_account_tag_operation_cost","主营业务成本 - 产品"
"mjb_l10n_cn_64010400","COP - Supply (COP)","64010400","expense_direct_cost","False","base.CNY","mjb_l10n_cn.mjb_data_account_tag_operation_cost","主营业务成本 - 供应耗材"
"mjb_l10n_cn_64010410","COP - Consomable supply","64010410","expense_direct_cost","False","base.CNY","mjb_l10n_cn.mjb_data_account_tag_operation_cost","主营业务成本 - 耗材"
"mjb_l10n_cn_64010420","COP - Workshop and factory supply","64010420","expense_direct_cost","False","base.CNY","mjb_l10n_cn.mjb_data_account_tag_operation_cost","主营业务成本 - 工厂和车间耗材"
"mjb_l10n_cn_64010430","COP - Warehouse supply","64010430","expense_direct_cost","False","base.CNY","mjb_l10n_cn.mjb_data_account_tag_operation_cost","主营业务成本 - 仓库耗材"
"mjb_l10n_cn_64010440","COP - Packaging","64010440","expense_direct_cost","False","base.CNY","mjb_l10n_cn.mjb_data_account_tag_operation_cost","主营业务成本 - 包装材料"
"mjb_l10n_cn_64010450","COP - VAT Refund","64010450","expense_direct_cost","False","base.CNY","mjb_l10n_cn.mjb_data_account_tag_operation_cost","主营业务成本 - VAT 退税额"
"mjb_l10n_cn_64010500","Cost of purchases (COP) - on service","64010500","expense_direct_cost","False","base.CNY","mjb_l10n_cn.mjb_data_account_tag_operation_cost","主营业务成本 - 服务"
"mjb_l10n_cn_64020000","Other operational costs","64020000","expense_direct_cost","False","base.CNY","mjb_l10n_cn.mjb_data_account_tag_operation_cost","其他业务成本"
"mjb_l10n_cn_64020100","Cost on Delivery (COD)","64020100","expense_direct_cost","False","base.CNY","mjb_l10n_cn.mjb_data_account_tag_operation_cost","其他业务成本 - 运费"
"mjb_l10n_cn_64020110","COD - Buying delivery","64020110","expense_direct_cost","False","base.CNY","mjb_l10n_cn.mjb_data_account_tag_operation_cost","其他业务成本 - 采购运费"
"mjb_l10n_cn_64020111","COD - Local Delivery - Buying","64020111","expense_direct_cost","False","base.CNY","mjb_l10n_cn.mjb_data_account_tag_operation_cost","其他业务成本 - 国内采购运费"
"mjb_l10n_cn_64020112","COD - Abroad Delivery - Buying","64020112","expense_direct_cost","False","base.CNY","mjb_l10n_cn.mjb_data_account_tag_operation_cost","其他业务成本 - 国外采购运费"
"mjb_l10n_cn_64020120","COD - Selling delivery","64020120","expense_direct_cost","False","base.CNY","mjb_l10n_cn.mjb_data_account_tag_operation_cost","其他业务成本 - 销售运费"
"mjb_l10n_cn_64020121","COD - Local Delivery - Selling","64020121","expense_direct_cost","False","base.CNY","mjb_l10n_cn.mjb_data_account_tag_operation_cost","其他业务成本 - 国内销售运费"
"mjb_l10n_cn_64020122","COD - Abroad Delivery - Selling","64020122","expense_direct_cost","False","base.CNY","mjb_l10n_cn.mjb_data_account_tag_operation_cost","其他业务成本 - 国外销售运费"
"mjb_l10n_cn_64020200","Cost of direct cost services (COR)","64020200","expense_direct_cost","False","base.CNY","mjb_l10n_cn.mjb_data_account_tag_operation_cost","其他业务成本 - 直接劳务成本"
"mjb_l10n_cn_64020210","COR - R&D, Production, Quality Services","64020210","expense_direct_cost","False","base.CNY","mjb_l10n_cn.mjb_data_account_tag_operation_cost","其他业务成本 - 研发支出, 质检费"
"mjb_l10n_cn_64020211","COR - R&D Services","64020211","expense_direct_cost","False","base.CNY","mjb_l10n_cn.mjb_data_account_tag_operation_cost","其他业务成本 - 研发支出"
"mjb_l10n_cn_64020212","COR - Production Services","64020212","expense_direct_cost","False","base.CNY","mjb_l10n_cn.mjb_data_account_tag_operation_cost","其他业务成本 - 劳务成本"
"mjb_l10n_cn_64020213","COR - Quality Services","64020213","expense_direct_cost","False","base.CNY","mjb_l10n_cn.mjb_data_account_tag_operation_cost","其他业务成本 - 质检费"
"mjb_l10n_cn_64020214","COR - Modules&Server","64020214","expense_direct_cost","False","base.CNY","mjb_l10n_cn.mjb_data_account_tag_operation_cost","其他业务成本 - 模块&服务器"
"mjb_l10n_cn_64020215","COR - Odoo user license","64020215","expense_direct_cost","False","base.CNY","mjb_l10n_cn.mjb_data_account_tag_operation_cost","其他业务成本 - Odoo用户许可证"
"mjb_l10n_cn_64020220","COR - Maintenance on technical installation, industrial machinery and tools","64020220","expense_direct_cost","False","base.CNY","mjb_l10n_cn.mjb_data_account_tag_operation_cost","其他业务成本 - 安装维护费"
"mjb_l10n_cn_64020221","COR - Industrial material","64020221","expense_direct_cost","False","base.CNY","mjb_l10n_cn.mjb_data_account_tag_operation_cost","其他业务成本 - 安装维护费 - 机器"
"mjb_l10n_cn_64020222","COR - Industrial equipment","64020222","expense_direct_cost","False","base.CNY","mjb_l10n_cn.mjb_data_account_tag_operation_cost","其他业务成本 - 安装维护费 - 设备"
"mjb_l10n_cn_64020223","COR - General Installation, Fitting out","64020223","expense_direct_cost","False","base.CNY","mjb_l10n_cn.mjb_data_account_tag_operation_cost","其他业务成本 - 安装维护费 - 安装"
"mjb_l10n_cn_64020300","Cost on Commission (COC)","64020300","expense_direct_cost","False","base.CNY","mjb_l10n_cn.mjb_data_account_tag_operation_cost","其他业务成本 - 佣金支出"
"mjb_l10n_cn_64020310","COC - Odoo","64020310","expense_direct_cost","False","base.CNY","mjb_l10n_cn.mjb_data_account_tag_operation_cost","其他业务成本 - 佣金支出 - Odoo"
"mjb_l10n_cn_64020400","COR - Supply Chain Management","64020400","expense_direct_cost","False","base.CNY","mjb_l10n_cn.mjb_data_account_tag_operation_cost","其他业务成本 - 供应链合同"
"mjb_l10n_cn_64020500","COR - Sales Management","64020500","expense_direct_cost","False","base.CNY","mjb_l10n_cn.mjb_data_account_tag_operation_cost","其他业务成本 - 销售合同"
"mjb_l10n_cn_64020600","COR - Maintenance on Transportation","64020600","expense_direct_cost","False","base.CNY","mjb_l10n_cn.mjb_data_account_tag_operation_cost","其他业务成本 - 交通工具维护费"
"mjb_l10n_cn_64020610","COR - Car","64020610","expense_direct_cost","False","base.CNY","mjb_l10n_cn.mjb_data_account_tag_operation_cost","其他业务成本 - 小汽车"
"mjb_l10n_cn_64030000","Tax and extra charges","64030000","expense","False","base.CNY","mjb_l10n_cn.mjb_data_account_tag_operation_tax_addons","税金及附加"
"mjb_l10n_cn_64030100"," Tax and extra charges - City planning tax","64030100","expense","False","base.CNY","mjb_l10n_cn.mjb_data_account_tag_operation_tax_addons","税金及附加 - 城市维护建设税"
"mjb_l10n_cn_64030200"," Tax and extra charges - Education tax","64030200","expense","False","base.CNY","mjb_l10n_cn.mjb_data_account_tag_operation_tax_addons","税金及附加 - 教育费附加"
"mjb_l10n_cn_64030300"," Tax and extra charges - Local Education tax","64030300","expense","False","base.CNY","mjb_l10n_cn.mjb_data_account_tag_operation_tax_addons","税金及附加 - 地方教育费附加"
"mjb_l10n_cn_64110000","Interest expense","64110000","expense","False","base.CNY","mjb_l10n_cn.mjb_data_account_tag_financial_expenses","利息支出"
"mjb_l10n_cn_64210000","Fee and Commission expense","64210000","expense","False","base.CNY","mjb_l10n_cn.mjb_data_account_tag_financial_expenses","手续费及佣金支出"
"mjb_l10n_cn_65010000","Extract the outstanding reserves","65010000","expense","False","base.CNY","mjb_l10n_cn.mjb_data_account_tag_financial_expenses","提取未到期责任准备金"
"mjb_l10n_cn_65020000","Extract the insurance reserves","65020000","expense","False","base.CNY","mjb_l10n_cn.mjb_data_account_tag_financial_expenses","提取保险责任准备金"
"mjb_l10n_cn_65110000","Compensation expenses","65110000","expense","False","base.CNY","mjb_l10n_cn.mjb_data_account_tag_financial_expenses","赔付支出"
"mjb_l10n_cn_65210000","Expenditures dividend policy","65210000","expense","False","base.CNY","mjb_l10n_cn.mjb_data_account_tag_financial_expenses","保单红利支出"
"mjb_l10n_cn_65310000","Surrender value","65310000","expense","False","base.CNY","mjb_l10n_cn.mjb_data_account_tag_financial_expenses","退保金"
"mjb_l10n_cn_65410000","Reinsurance premium","65410000","expense","False","base.CNY","mjb_l10n_cn.mjb_data_account_tag_financial_expenses","分出保费"
"mjb_l10n_cn_65420000","Reinsurance costs","65420000","expense","False","base.CNY","mjb_l10n_cn.mjb_data_account_tag_financial_expenses","分保费用"
"mjb_l10n_cn_66010100","Travelling Expenses","66010100","expense","False","base.CNY","mjb_l10n_cn.mjb_data_account_tag_sales_expenses","销售费用 - 交通费"
"mjb_l10n_cn_66010110","Mission Local Travelling (MLT)","66010110","expense","False","base.CNY","mjb_l10n_cn.mjb_data_account_tag_sales_expenses","销售费用 - 国内交通费"
"mjb_l10n_cn_66010111","MLT - Taxi","66010111","expense","False","base.CNY","mjb_l10n_cn.mjb_data_account_tag_sales_expenses","销售费用 - 国内交通费 - 出租车"
"mjb_l10n_cn_66010112","MLT - Train","66010112","expense","False","base.CNY","mjb_l10n_cn.mjb_data_account_tag_sales_expenses","销售费用 - 国内交通费 - 火车"
"mjb_l10n_cn_66010113","MLT - Flight","66010113","expense","False","base.CNY","mjb_l10n_cn.mjb_data_account_tag_sales_expenses","销售费用 - 国内交通费 - 飞机"
"mjb_l10n_cn_66010114","MLT - Bus","66010114","expense","False","base.CNY","mjb_l10n_cn.mjb_data_account_tag_sales_expenses","销售费用 - 国内交通费 - 公交车"
"mjb_l10n_cn_66010115","MLT - Private Car","66010115","expense","False","base.CNY","mjb_l10n_cn.mjb_data_account_tag_sales_expenses","销售费用 - 国内交通费 - 小汽车"
"mjb_l10n_cn_66010116","MLT - Gazoline","66010116","expense","False","base.CNY","mjb_l10n_cn.mjb_data_account_tag_sales_expenses","销售费用 - 国内交通费 - 汽油费"
"mjb_l10n_cn_66010117","MLT - Toll gate","66010117","expense","False","base.CNY","mjb_l10n_cn.mjb_data_account_tag_sales_expenses","销售费用 - 国内交通费 - 过路费"
"mjb_l10n_cn_66010118","MLT - Others","66010118","expense","False","base.CNY","mjb_l10n_cn.mjb_data_account_tag_sales_expenses","销售费用 - 国内交通费 - 其他"
"mjb_l10n_cn_66010120","Mission Abroad Travelling (MAT)","66010120","expense","False","base.CNY","mjb_l10n_cn.mjb_data_account_tag_sales_expenses","销售费用 - 国外交通费"
"mjb_l10n_cn_66010121","MAT - Taxi","66010121","expense","False","base.CNY","mjb_l10n_cn.mjb_data_account_tag_sales_expenses","销售费用 - 国外交通费 - 出租车"
"mjb_l10n_cn_66010122","MAT - Train","66010122","expense","False","base.CNY","mjb_l10n_cn.mjb_data_account_tag_sales_expenses","销售费用 - 国外交通费 - 火车"
"mjb_l10n_cn_66010123","MAT - Flight","66010123","expense","False","base.CNY","mjb_l10n_cn.mjb_data_account_tag_sales_expenses","销售费用 - 国外交通费 - 飞机"
"mjb_l10n_cn_66010124","MAT - Bus","66010124","expense","False","base.CNY","mjb_l10n_cn.mjb_data_account_tag_sales_expenses","销售费用 - 国外交通费 - 公交车"
"mjb_l10n_cn_66010125","MAT - Private Car","66010125","expense","False","base.CNY","mjb_l10n_cn.mjb_data_account_tag_sales_expenses","销售费用 - 国外交通费 - 小汽车"
"mjb_l10n_cn_66010126","MAT - Gazoline","66010126","expense","False","base.CNY","mjb_l10n_cn.mjb_data_account_tag_sales_expenses","销售费用 - 国外交通费 - 汽油费"
"mjb_l10n_cn_66010127","MAT - Toll gate","66010127","expense","False","base.CNY","mjb_l10n_cn.mjb_data_account_tag_sales_expenses","销售费用 - 国外交通费 - 过路费"
"mjb_l10n_cn_66010128","MAT - Others","66010128","expense","False","base.CNY","mjb_l10n_cn.mjb_data_account_tag_sales_expenses","销售费用 - 国外交通费 - 其他"
"mjb_l10n_cn_66010200","Mission expenses (MSE)","66010200","expense","False","base.CNY","mjb_l10n_cn.mjb_data_account_tag_sales_expenses","销售费用 - 差旅费"
"mjb_l10n_cn_66010210","MSE - Restaurant, Food","66010210","expense","False","base.CNY","mjb_l10n_cn.mjb_data_account_tag_sales_expenses","销售费用 - 差旅费 - 餐厅"
"mjb_l10n_cn_66010220","MSE - Water, Drink","66010220","expense","False","base.CNY","mjb_l10n_cn.mjb_data_account_tag_sales_expenses","销售费用 - 差旅费 - 饮料"
"mjb_l10n_cn_66010230","MSE - Night, Hotel","66010230","expense","False","base.CNY","mjb_l10n_cn.mjb_data_account_tag_sales_expenses","销售费用 - 差旅费 - 宾馆"
"mjb_l10n_cn_66010300","Public relation expenses (PRE)","66010300","expense","False","base.CNY","mjb_l10n_cn.mjb_data_account_tag_sales_expenses","销售费用 - 公共关系费"
"mjb_l10n_cn_66010310","PRE - Customer's gifts","66010310","expense","False","base.CNY","mjb_l10n_cn.mjb_data_account_tag_sales_expenses","销售费用 - 客户礼品"
"mjb_l10n_cn_66010320","PRE - Reception fees","66010320","expense","False","base.CNY","mjb_l10n_cn.mjb_data_account_tag_sales_expenses","销售费用 - 接待费"
"mjb_l10n_cn_66010330","PRE - Trade fair","66010330","expense","False","base.CNY","mjb_l10n_cn.mjb_data_account_tag_sales_expenses","销售费用 - 参展费"
"mjb_l10n_cn_66010340","PRE - Entertainment","66010340","expense","False","base.CNY","mjb_l10n_cn.mjb_data_account_tag_sales_expenses","销售费用 - 娱乐"
"mjb_l10n_cn_66010341","PRE - Customer's entertainment","66010341","expense","False","base.CNY","mjb_l10n_cn.mjb_data_account_tag_sales_expenses","销售费用 - 娱乐 - 客户"
"mjb_l10n_cn_66010342","PRE - Supplier's entertainment","66010342","expense","False","base.CNY","mjb_l10n_cn.mjb_data_account_tag_sales_expenses","销售费用 - 娱乐 - 供应商"
"mjb_l10n_cn_66010343","PRE - Company entertainment","66010343","expense","False","base.CNY","mjb_l10n_cn.mjb_data_account_tag_sales_expenses","销售费用 - 娱乐 - 本公司"
"mjb_l10n_cn_66010350","PRE - Networking","66010350","expense","False","base.CNY","mjb_l10n_cn.mjb_data_account_tag_sales_expenses","销售费用 - 人际关系费"
"mjb_l10n_cn_66010400","Sales Appartment","66010400","expense","False","base.CNY","mjb_l10n_cn.mjb_data_account_tag_sales_expenses","销售费用 - 销售部租金"
"mjb_l10n_cn_66020000","Manangement expenses (OFE)","66020000","expense","False","base.CNY","mjb_l10n_cn.mjb_data_account_tag_overhead_expenses","管理费用"
"mjb_l10n_cn_66020100","OFE - Office renting and utilities","66020100","expense","False","base.CNY","mjb_l10n_cn.mjb_data_account_tag_overhead_expenses","管理费用 - 办公室租金及其相关费用"
"mjb_l10n_cn_66020110","OFE - Office - rental","66020110","expense","False","base.CNY","mjb_l10n_cn.mjb_data_account_tag_overhead_expenses","管理费用 - 办公室费用 - 租金"
"mjb_l10n_cn_66020120","OFE - Electricity","66020120","expense","False","base.CNY","mjb_l10n_cn.mjb_data_account_tag_overhead_expenses","管理费用 - 办公室费用 - 电费"
"mjb_l10n_cn_66020130","OFE - Water","66020130","expense","False","base.CNY","mjb_l10n_cn.mjb_data_account_tag_overhead_expenses","管理费用 - 办公室费用 - 水费"
"mjb_l10n_cn_66020140","OFE - management fee","66020140","expense","False","base.CNY","mjb_l10n_cn.mjb_data_account_tag_overhead_expenses","管理费用 - 办公室费用 - 管理费"
"mjb_l10n_cn_66020190","OFE - Others","66020190","expense","False","base.CNY","mjb_l10n_cn.mjb_data_account_tag_overhead_expenses","管理费用 - 办公室租赁费用 - 其它"
"mjb_l10n_cn_66020200","OFE - Food","66020200","expense","False","base.CNY","mjb_l10n_cn.mjb_data_account_tag_overhead_expenses","管理费用 - 办公室费用 - 食品"
"mjb_l10n_cn_66020300","OFE - Drink","66020300","expense","False","base.CNY","mjb_l10n_cn.mjb_data_account_tag_overhead_expenses","管理费用 - 办公室费用 - 饮料"
"mjb_l10n_cn_66020400","OFE - Maintenance stuff","66020400","expense","False","base.CNY","mjb_l10n_cn.mjb_data_account_tag_overhead_expenses","管理费用 - 办公室费用 - 维修费"
"mjb_l10n_cn_66020500","OFE - Administrative stuff","66020500","expense","False","base.CNY","mjb_l10n_cn.mjb_data_account_tag_overhead_expenses","管理费用 - 办公室费用 - 行政管理费"
"mjb_l10n_cn_66020510","OFE - Cartons, Packing","66020510","expense","False","base.CNY","mjb_l10n_cn.mjb_data_account_tag_overhead_expenses","管理费用 - 办公室费用 - 包装费"
"mjb_l10n_cn_66020520","OFE - Office stationary","66020520","expense","False","base.CNY","mjb_l10n_cn.mjb_data_account_tag_overhead_expenses","管理费用 - 办公室费用 - 办公用品"
"mjb_l10n_cn_66020530","OFE - IT stuff","66020530","expense","False","base.CNY","mjb_l10n_cn.mjb_data_account_tag_overhead_expenses","管理费用 - 办公室费用 - IT用品"
"mjb_l10n_cn_66020610","OFE - Internet","66020610","expense","False","base.CNY","mjb_l10n_cn.mjb_data_account_tag_overhead_expenses","管理费用 - 办公室费用 - 网络"
"mjb_l10n_cn_66020620","OFE - Fax","66020620","expense","False","base.CNY","mjb_l10n_cn.mjb_data_account_tag_overhead_expenses","管理费用 - 办公室费用 - 传真"
"mjb_l10n_cn_66020630","OFE - Mobile","66020630","expense","False","base.CNY","mjb_l10n_cn.mjb_data_account_tag_overhead_expenses","管理费用 - 办公室费用 - 手机"
"mjb_l10n_cn_66020640","OFE - Express","66020640","expense","False","base.CNY","mjb_l10n_cn.mjb_data_account_tag_overhead_expenses","管理费用 - 办公室费用 - 快递"
"mjb_l10n_cn_66020700","Office services Expenses (OSE)","66020700","expense","False","base.CNY","mjb_l10n_cn.mjb_data_account_tag_overhead_expenses","管理费用 - 办公室服务费"
"mjb_l10n_cn_66020710","OSE - Audit ／Lawyer／Finance","66020710","expense","False","base.CNY","mjb_l10n_cn.mjb_data_account_tag_overhead_expenses","管理费用 - 审计, 律师, 财务"
"mjb_l10n_cn_66020711","OSE - Audit","66020711","expense","False","base.CNY","mjb_l10n_cn.mjb_data_account_tag_overhead_expenses","管理费用 - 审计"
"mjb_l10n_cn_66020712","OSE - Accountant","66020712","expense","False","base.CNY","mjb_l10n_cn.mjb_data_account_tag_overhead_expenses","管理费用 - 会计"
"mjb_l10n_cn_66020713","OSE - Lawyer","66020713","expense","False","base.CNY","mjb_l10n_cn.mjb_data_account_tag_overhead_expenses","管理费用 - 律师"
"mjb_l10n_cn_66020714","OSE - Finance","66020714","expense","False","base.CNY","mjb_l10n_cn.mjb_data_account_tag_overhead_expenses","管理费用 - 财务"
"mjb_l10n_cn_66020715","OSE -visa application","66020715","expense","False","base.CNY","mjb_l10n_cn.mjb_data_account_tag_overhead_expenses","管理费用 - 签证费"
"mjb_l10n_cn_66020800","OSE - Informatic","66020800","expense","False","base.CNY","mjb_l10n_cn.mjb_data_account_tag_overhead_expenses","管理费用 - 信息"
"mjb_l10n_cn_66020810","OSE - Hardware maintenance (computer, printer,…)","66020810","expense","False","base.CNY","mjb_l10n_cn.mjb_data_account_tag_overhead_expenses","管理费用 - 信息 - 硬件"
"mjb_l10n_cn_66020820","OSE - Software maintenance","66020820","expense","False","base.CNY","mjb_l10n_cn.mjb_data_account_tag_overhead_expenses","管理费用 - 信息 - 软件"
"mjb_l10n_cn_66020830","OSE - OpenERP","66020830","expense","False","base.CNY","mjb_l10n_cn.mjb_data_account_tag_overhead_expenses","管理费用 - 信息 - OpenERP"
"mjb_l10n_cn_66020840","OSE - Website (webmaster)","66020840","expense","False","base.CNY","mjb_l10n_cn.mjb_data_account_tag_overhead_expenses","管理费用 - 信息 - 网站"
"mjb_l10n_cn_66020850","OSE - Others - Informatic","66020850","expense","False","base.CNY","mjb_l10n_cn.mjb_data_account_tag_overhead_expenses","管理费用 - 信息 - 其他"
"mjb_l10n_cn_66020860","OSE - IT service","66020860","expense","False","base.CNY","mjb_l10n_cn.mjb_data_account_tag_overhead_expenses","管理费用 - 信息 - IT服务"
"mjb_l10n_cn_66020900","OSE - Commercial, Marketing, Sales","66020900","expense","False","base.CNY","mjb_l10n_cn.mjb_data_account_tag_overhead_expenses","管理费用 - 产品,市场,销售"
"mjb_l10n_cn_66020910","OSE - Design (trade fair,…)","66020910","expense","False","base.CNY","mjb_l10n_cn.mjb_data_account_tag_overhead_expenses","管理费用 - 设计"
"mjb_l10n_cn_66020920","OSE - HR, Recruitment","66020920","expense","False","base.CNY","mjb_l10n_cn.mjb_data_account_tag_overhead_expenses","管理费用 - 招聘"
"mjb_l10n_cn_66021000","OSE - Maintenance","66021000","expense","False","base.CNY","mjb_l10n_cn.mjb_data_account_tag_overhead_expenses","管理费用 - 维护费"
"mjb_l10n_cn_66021010","OSE - on building","66021010","expense","False","base.CNY","mjb_l10n_cn.mjb_data_account_tag_overhead_expenses","管理费用 - 维护费 - 建筑物"
"mjb_l10n_cn_66021020","OSE - Director's Appartment","66021020","expense","False","base.CNY","mjb_l10n_cn.mjb_data_account_tag_overhead_expenses","管理费用 - 维护费 - 建筑物 - 管理层公寓"
"mjb_l10n_cn_66021100","OSE - Insurance fees expenses (IFE)","66021100","expense","False","base.CNY","mjb_l10n_cn.mjb_data_account_tag_overhead_expenses","管理费用 - 保险费"
"mjb_l10n_cn_66021110","IFE - Multirisk","66021110","expense","False","base.CNY","mjb_l10n_cn.mjb_data_account_tag_overhead_expenses","管理费用 - 各种风险保险"
"mjb_l10n_cn_66021120","IFE - Transportation insurance","66021120","expense","False","base.CNY","mjb_l10n_cn.mjb_data_account_tag_overhead_expenses","管理费用 - 运输保险"
"mjb_l10n_cn_66021121","IFE - on purchases","66021121","expense","False","base.CNY","mjb_l10n_cn.mjb_data_account_tag_overhead_expenses","管理费用 - 采购"
"mjb_l10n_cn_66021122","IFE - on sales","66021122","expense","False","base.CNY","mjb_l10n_cn.mjb_data_account_tag_overhead_expenses","管理费用 - 销售"
"mjb_l10n_cn_66021129","IFE - on other goods","66021129","expense","False","base.CNY","mjb_l10n_cn.mjb_data_account_tag_overhead_expenses","管理费用 - 保险费 - 其他"
"mjb_l10n_cn_66021200","OSE - Cleaning Staff","66021200","expense","False","base.CNY","mjb_l10n_cn.mjb_data_account_tag_overhead_expenses","管理费用 - 清洁费"
"mjb_l10n_cn_66021300","Travelling, mission and public relation expenses","66021300","expense","False","base.CNY","mjb_l10n_cn.mjb_data_account_tag_overhead_expenses","管理费用 - 差旅费, 公关费"
"mjb_l10n_cn_66021310","Mission Local Travelling (MLT)","66021310","expense","False","base.CNY","mjb_l10n_cn.mjb_data_account_tag_overhead_expenses","管理费用 - 国内交通费"
"mjb_l10n_cn_66021311","MLT - Taxi","66021311","expense","False","base.CNY","mjb_l10n_cn.mjb_data_account_tag_overhead_expenses","管理费用 - 国内交通费 - 出租车"
"mjb_l10n_cn_66021312","MLT - Train","66021312","expense","False","base.CNY","mjb_l10n_cn.mjb_data_account_tag_overhead_expenses","管理费用 - 国内交通费 - 火车"
"mjb_l10n_cn_66021313","MLT - Flight","66021313","expense","False","base.CNY","mjb_l10n_cn.mjb_data_account_tag_overhead_expenses","管理费用 - 国内交通费 - 飞机"
"mjb_l10n_cn_66021314","MLT - Bus & Metro","66021314","expense","False","base.CNY","mjb_l10n_cn.mjb_data_account_tag_overhead_expenses","管理费用 - 国内交通费 - 公交车及地铁"
"mjb_l10n_cn_66021315","MLT - Private Car","66021315","expense","False","base.CNY","mjb_l10n_cn.mjb_data_account_tag_overhead_expenses","管理费用 - 国内交通费 - 小汽车"
"mjb_l10n_cn_66021316","MLT - Gazoline","66021316","expense","False","base.CNY","mjb_l10n_cn.mjb_data_account_tag_overhead_expenses","管理费用 - 国内交通费 - 汽油费"
"mjb_l10n_cn_66021317","MLT - Toll gate","66021317","expense","False","base.CNY","mjb_l10n_cn.mjb_data_account_tag_overhead_expenses","管理费用 - 国内交通费 - 过路费"
"mjb_l10n_cn_66021318","MLT - Parking fee","66021318","expense","False","base.CNY","mjb_l10n_cn.mjb_data_account_tag_overhead_expenses","管理费用 - 国内交通费 - 停车费"
"mjb_l10n_cn_66021319","MLT - Others","66021319","expense","False","base.CNY","mjb_l10n_cn.mjb_data_account_tag_overhead_expenses","管理费用 - 国内交通费 - 其他"
"mjb_l10n_cn_66021320","Mission Abroad Travelling (MAT)","66021320","expense","False","base.CNY","mjb_l10n_cn.mjb_data_account_tag_overhead_expenses","管理费用 - 国外交通费"
"mjb_l10n_cn_66021321","MAT - Taxi","66021321","expense","False","base.CNY","mjb_l10n_cn.mjb_data_account_tag_overhead_expenses","管理费用 - 国外交通费 - 出租车"
"mjb_l10n_cn_66021322","MAT - Train","66021322","expense","False","base.CNY","mjb_l10n_cn.mjb_data_account_tag_overhead_expenses","管理费用 - 国外交通费 - 火车"
"mjb_l10n_cn_66021323","MAT - Flight","66021323","expense","False","base.CNY","mjb_l10n_cn.mjb_data_account_tag_overhead_expenses","管理费用 - 国外交通费 - 飞机"
"mjb_l10n_cn_66021324","MAT - Bus","66021324","expense","False","base.CNY","mjb_l10n_cn.mjb_data_account_tag_overhead_expenses","管理费用 - 国外交通费 - 公交车"
"mjb_l10n_cn_66021325","MAT - Private Car","66021325","expense","False","base.CNY","mjb_l10n_cn.mjb_data_account_tag_overhead_expenses","管理费用 - 国外交通费 - 小汽车"
"mjb_l10n_cn_66021326","MAT - Gazoline","66021326","expense","False","base.CNY","mjb_l10n_cn.mjb_data_account_tag_overhead_expenses","管理费用 - 国外交通费 - 汽油费"
"mjb_l10n_cn_66021327","MAT - Toll gate","66021327","expense","False","base.CNY","mjb_l10n_cn.mjb_data_account_tag_overhead_expenses","管理费用 - 国外交通费 - 过路费"
"mjb_l10n_cn_66021329","MAT - Others","66021329","expense","False","base.CNY","mjb_l10n_cn.mjb_data_account_tag_overhead_expenses","管理费用 - 国外交通费 - 其他"
"mjb_l10n_cn_66021330","Mission expenses (MSE)","66021330","expense","False","base.CNY","mjb_l10n_cn.mjb_data_account_tag_overhead_expenses","管理费用 - 差旅费"
"mjb_l10n_cn_66021331","MSE - Restaurant, Food","66021331","expense","False","base.CNY","mjb_l10n_cn.mjb_data_account_tag_overhead_expenses","管理费用 - 差旅费 - 餐厅"
"mjb_l10n_cn_66021332","MSE - Water, Drink","66021332","expense","False","base.CNY","mjb_l10n_cn.mjb_data_account_tag_overhead_expenses","管理费用 - 差旅费 - 饮料"
"mjb_l10n_cn_66021333","MSE - Night, Hotel","66021333","expense","False","base.CNY","mjb_l10n_cn.mjb_data_account_tag_overhead_expenses","管理费用 - 差旅费 - 宾馆"
"mjb_l10n_cn_66021340","Public relation expenses (PRE)","66021340","expense","False","base.CNY","mjb_l10n_cn.mjb_data_account_tag_overhead_expenses","管理费用 - 公共关系费"
"mjb_l10n_cn_66021341","PRE - Customer's gifts","66021341","expense","False","base.CNY","mjb_l10n_cn.mjb_data_account_tag_overhead_expenses","管理费用 - 客户礼品"
"mjb_l10n_cn_66021342","PRE - Reception fees","66021342","expense","False","base.CNY","mjb_l10n_cn.mjb_data_account_tag_overhead_expenses","管理费用 - 接待费"
"mjb_l10n_cn_66021343","PRE - Trade fair","66021343","expense","False","base.CNY","mjb_l10n_cn.mjb_data_account_tag_overhead_expenses","管理费用 - 参展费"
"mjb_l10n_cn_66021350","PRE - Entertainment","66021350","expense","False","base.CNY","mjb_l10n_cn.mjb_data_account_tag_overhead_expenses","管理费用 - 娱乐费"
"mjb_l10n_cn_66021351","PRE - Customer's entertainment","66021351","expense","False","base.CNY","mjb_l10n_cn.mjb_data_account_tag_overhead_expenses","管理费用 - 娱乐 - 客户"
"mjb_l10n_cn_66021352","PRE - Supplier's entertainment","66021352","expense","False","base.CNY","mjb_l10n_cn.mjb_data_account_tag_overhead_expenses","管理费用 - 娱乐 - 供应商"
"mjb_l10n_cn_66021353","PRE - Company entertainment","66021353","expense","False","base.CNY","mjb_l10n_cn.mjb_data_account_tag_overhead_expenses","管理费用 - 娱乐 - 本公司"
"mjb_l10n_cn_66021360","PRE - Networking","66021360","expense","False","base.CNY","mjb_l10n_cn.mjb_data_account_tag_overhead_expenses","管理费用 - 人际关系费"
"mjb_l10n_cn_66021400","Wages and salaries (WSE)","66021400","expense","False","base.CNY","mjb_l10n_cn.mjb_data_account_tag_overhead_expenses","管理费用 - 奖金和工资"
"mjb_l10n_cn_66021410","WSE - Salary","66021410","expense","False","base.CNY","mjb_l10n_cn.mjb_data_account_tag_overhead_expenses","管理费用 - 应付工资"
"mjb_l10n_cn_66021411","WSE - Management - Salary","66021411","expense","False","base.CNY","mjb_l10n_cn.mjb_data_account_tag_overhead_expenses","管理费用 - 管理层工资"
"mjb_l10n_cn_66021412","WSE - Office - Salary","66021412","expense","False","base.CNY","mjb_l10n_cn.mjb_data_account_tag_overhead_expenses","管理费用 - 办公室工资"
"mjb_l10n_cn_66021420","WSE - Paid leave","66021420","expense","False","base.CNY","mjb_l10n_cn.mjb_data_account_tag_overhead_expenses","管理费用 - 带薪休假"
"mjb_l10n_cn_66021421","WSE - Management - Paid Leave","66021421","expense","False","base.CNY","mjb_l10n_cn.mjb_data_account_tag_overhead_expenses","管理费用 - 管理层带薪休假"
"mjb_l10n_cn_66021422","WSE - Office - Paid Leave","66021422","expense","False","base.CNY","mjb_l10n_cn.mjb_data_account_tag_overhead_expenses","管理费用 - 办公室带薪休假"
"mjb_l10n_cn_66021431","WSE - Management - Commission (based on contract)","66021431","expense","False","base.CNY","mjb_l10n_cn.mjb_data_account_tag_overhead_expenses","管理费用 - 管理层佣金"
"mjb_l10n_cn_66021432","WSE - Office - Commission (based on contract)","66021432","expense","False","base.CNY","mjb_l10n_cn.mjb_data_account_tag_overhead_expenses","管理费用 - 办公室佣金"
"mjb_l10n_cn_66021441","WSE - Management - Bonus (official)","66021441","expense","False","base.CNY","mjb_l10n_cn.mjb_data_account_tag_overhead_expenses","管理费用 - 管理层奖金"
"mjb_l10n_cn_66021442","WSE - Office - Bonus (official)","66021442","expense","False","base.CNY","mjb_l10n_cn.mjb_data_account_tag_overhead_expenses","管理费用 - 办公室奖金"
"mjb_l10n_cn_66021451","WSE - Management - Bonus (black)","66021451","expense","False","base.CNY","mjb_l10n_cn.mjb_data_account_tag_overhead_expenses","管理费用 - 管理层非官方不定额奖金"
"mjb_l10n_cn_66021452","WSE - Office - Bonus (black)","66021452","expense","False","base.CNY","mjb_l10n_cn.mjb_data_account_tag_overhead_expenses","管理费用 - 办公室非官方不定额奖金"
"mjb_l10n_cn_66021461","WSE - AND - Management","66021461","expense","False","base.CNY","mjb_l10n_cn.mjb_data_account_tag_overhead_expenses","管理费用 - 管理层员工福利"
"mjb_l10n_cn_66021462","WSE - ADN - Office","66021462","expense","False","base.CNY","mjb_l10n_cn.mjb_data_account_tag_overhead_expenses","管理费用 - 办公室员工福利"
"mjb_l10n_cn_66021470","Indemnity and other benefits (IBE)","66021470","expense","False","base.CNY","mjb_l10n_cn.mjb_data_account_tag_overhead_expenses","管理费用 - 赔偿金及其他福利"
"mjb_l10n_cn_66021471","IBE - Employee Insurance (SI)","66021471","expense","False","base.CNY","mjb_l10n_cn.mjb_data_account_tag_overhead_expenses","管理费用 - 员工社保"
"mjb_l10n_cn_66021472","IBE - Housing allowance (HAF)","66021472","expense","False","base.CNY","mjb_l10n_cn.mjb_data_account_tag_overhead_expenses","管理费用 - 住房公积金"
"mjb_l10n_cn_66021473","IBE - Income Tax of Employee (IIT)","66021473","expense","False","base.CNY","mjb_l10n_cn.mjb_data_account_tag_overhead_expenses","管理费用 - 个人所得税"
"mjb_l10n_cn_66021500","GTE - Custom Clearance","66021500","expense","False","base.CNY","mjb_l10n_cn.mjb_data_account_tag_overhead_expenses","管理费用 - 清关费"
"mjb_l10n_cn_66021600","GTE - Business registration fee","66021600","expense","False","base.CNY","mjb_l10n_cn.mjb_data_account_tag_overhead_expenses","管理费用 - 注册费"
"mjb_l10n_cn_66021700","EXCEPTIONAL EXPENSES (EXE)","66021700","expense","False","base.CNY","mjb_l10n_cn.mjb_data_account_tag_overhead_expenses","管理费用 - 例外费用"
"mjb_l10n_cn_66021710","EXE - Penalties, tax and legal fines","66021710","expense","False","base.CNY","mjb_l10n_cn.mjb_data_account_tag_overhead_expenses","管理费用 - 罚款"
"mjb_l10n_cn_66021721","EXE - Provision for risk on unpaid invoices","66021721","expense","False","base.CNY","mjb_l10n_cn.mjb_data_account_tag_overhead_expenses","管理费用 - 预提的未支付发票的风险"
"mjb_l10n_cn_66021722","EXE - Provision for risk on supplier","66021722","expense","False","base.CNY","mjb_l10n_cn.mjb_data_account_tag_overhead_expenses","管理费用 - 预提的供应商的风险"
"mjb_l10n_cn_66021730","EXE - Bad debts loss","66021730","expense","False","base.CNY","mjb_l10n_cn.mjb_data_account_tag_overhead_expenses","管理费用 - 坏账损失"
"mjb_l10n_cn_66021800","OFE - Directors' Appartment renting and utilities","66021800","expense","False","base.CNY","mjb_l10n_cn.mjb_data_account_tag_overhead_expenses","管理费用 - 管理层租金及其相关费用"
"mjb_l10n_cn_66021810","OFE - Director's Appartment - Rental","66021810","expense","False","base.CNY","mjb_l10n_cn.mjb_data_account_tag_overhead_expenses","管理费用 - 管理层公寓 - 租金"
"mjb_l10n_cn_66021820","OFE - Director's Appartment - Water","66021820","expense","False","base.CNY","mjb_l10n_cn.mjb_data_account_tag_overhead_expenses","管理费用 - 管理层公寓 - 水费"
"mjb_l10n_cn_66021830","OFE - Director's Appartment - Electricity","66021830","expense","False","base.CNY","mjb_l10n_cn.mjb_data_account_tag_overhead_expenses","管理费用 - 管理层公寓 - 电费"
"mjb_l10n_cn_66021900","OSE - Others","66021900","expense","False","base.CNY","mjb_l10n_cn.mjb_data_account_tag_overhead_expenses","管理费用 - 其他"
"mjb_l10n_cn_66022000","OFE - Employee‘s Appartment renting and utilities","66022000","expense","False","base.CNY","mjb_l10n_cn.mjb_data_account_tag_overhead_expenses","管理费用 - 员工宿舍租金及其相关费用"
"mjb_l10n_cn_66022010","OFE - Employee‘s Appartment - Rental","66022010","expense","False","base.CNY","mjb_l10n_cn.mjb_data_account_tag_overhead_expenses","管理费用 - 员工宿舍租金"
"mjb_l10n_cn_66022020","OFE - Employee‘s Appartment - Water and electricity","66022020","expense","False","base.CNY","mjb_l10n_cn.mjb_data_account_tag_overhead_expenses","管理费用 - 员工宿舍水电费"
"mjb_l10n_cn_66022110","Management Exp - Accumulated depreciation - IT Material","66022110","expense","False","base.CNY","mjb_l10n_cn.mjb_data_account_tag_overhead_expenses","管理费用 - 累计折旧 - IT材料"
"mjb_l10n_cn_66022120","Management Exp - Accumulated depreciation - Office Material","66022120","expense","False","base.CNY","mjb_l10n_cn.mjb_data_account_tag_overhead_expenses","管理费用 - 累计折旧 - 办公材料"
"mjb_l10n_cn_66030000","FINANCE EXPENSES (FIE)","66030000","expense","False","base.CNY","mjb_l10n_cn.mjb_data_account_tag_financial_expenses","财务费用"
"mjb_l10n_cn_66030100","FIE - Bank Charges","66030100","expense","False","base.CNY","mjb_l10n_cn.mjb_data_account_tag_financial_expenses","财务费用 - 银行手续费"
"mjb_l10n_cn_66030200","FIE - Interest Charges","66030200","expense","False","base.CNY","mjb_l10n_cn.mjb_data_account_tag_financial_expenses","财务费用 - 利息支出"
"mjb_l10n_cn_66030300","FIR - Shares revenue","66030300","expense","False","base.CNY","mjb_l10n_cn.mjb_data_account_tag_financial_expenses","财务费用 - 股本收入"
"mjb_l10n_cn_66040000","Mining","66040000","expense","False","base.CNY","mjb_l10n_cn.mjb_data_account_tag_overhead_expenses","勘探费用"
"mjb_l10n_cn_67010000","Provision for Assets","67010000","expense","False","base.CNY","mjb_l10n_cn.mjb_data_account_tag_devaluation_lost_assets","资产减值损失"
"mjb_l10n_cn_67110000","Non-operating expense","67110000","expense","False","base.CNY","mjb_l10n_cn.mjb_data_account_tag_non_operation_expenses","营业外支出"
"mjb_l10n_cn_67110100","Non-operating expense - Asset disposal","67110100","expense","False","base.CNY","mjb_l10n_cn.mjb_data_account_tag_non_operation_expenses","营业外支出 - 固定资产报废清理"
"mjb_l10n_cn_67110900","Non-operating expense - Other","67110900","expense","False","base.CNY","mjb_l10n_cn.mjb_data_account_tag_non_operation_expenses","营业外支出 - 其他"
"mjb_l10n_cn_68011000","HK","68011000","expense","False","base.CNY","mjb_l10n_cn.mjb_data_account_tag_profit_tax_expenses","所得税费用 - SZ"
"mjb_l10n_cn_69010000","Prior year income adjustment","69010000","expense","False","base.CNY","mjb_l10n_cn.mjb_data_account_tag_prior_year_income_adjustment","以前年度损益调整"
"mjb_l10n_cn_9991","Cash Difference Loss","9991","expense","False","base.CNY","mjb_l10n_cn.mjb_data_account_tag_overhead_expenses",""
"mjb_l10n_cn_9992","Cash Difference Gain","9992","income","False","base.CNY","mjb_l10n_cn.mjb_data_account_tag_revenue",""
"mjb_l10n_cn_00000000","Majorbird China (SHZ)","00000000","off_balance","False","","","丹鸟"
"mjb_l10n_cn_10000000","Asset","10000000","off_balance","False","","","一、资产类"
"mjb_l10n_cn_20000000","LIABILITY","20000000","off_balance","False","","","二、负债类"
"mjb_l10n_cn_30000000","Common Category","30000000","off_balance","False","","","三、共同类"
"mjb_l10n_cn_30010000","Liquidation of Inter Bank Business","30010000","off_balance","False","","","清算资金往来"
"mjb_l10n_cn_30020000","Foreign Exchange Trading","30020000","off_balance","False","","","外汇买卖"
"mjb_l10n_cn_32020000","Hedged item","32020000","off_balance","False","","","被套期项目"
"mjb_l10n_cn_40000000","EQUITY","40000000","off_balance","False","","","四、所有者权益类"
"mjb_l10n_cn_50000000","COST","50000000","off_balance","False","","","五、成本类"
"mjb_l10n_cn_60000000","REVENUE, EXPENSES","60000000","off_balance","False","","","六、损益类"
